"{'x': -3.0550496578216553, 'y': 3.3628623485565186, 'z': 1.759469985961914}"
"{'x': -7.385376453399658, 'y': 8.404203414916992, 'z': 4.454198837280273}"
"{'x': -10.086126327514648, 'y': 11.616666793823242, 'z': 6.425622463226318}"
"{'x': -11.926043510437012, 'y': 13.586501121520996, 'z': 7.271822452545166}"
"{'x': -13.202488899230957, 'y': 14.87684440612793, 'z': 7.591837406158447}"
"{'x': -13.784008979797363, 'y': 15.684516906738281, 'z': 7.883113384246826}"
"{'x': -14.058462142944336, 'y': 16.039525985717773, 'z': 7.870143890380859}"
"{'x': -14.389533996582031, 'y': 16.429397583007812, 'z': 8.067789077758789}"
"{'x': -14.48598861694336, 'y': 16.6976261138916, 'z': 7.530965328216553}"
"{'x': -14.60971736907959, 'y': 16.831846237182617, 'z': 7.242350101470947}"
"{'x': -14.708930015563965, 'y': 16.79643440246582, 'z': 7.04420804977417}"
"{'x': -14.531031608581543, 'y': 16.74614715576172, 'z': 6.595855712890625}"
"{'x': -14.555574417114258, 'y': 16.773645401000977, 'z': 6.296269416809082}"
"{'x': -14.599408149719238, 'y': 16.735754013061523, 'z': 5.892427444458008}"
"{'x': -14.556711196899414, 'y': 16.850709915161133, 'z': 5.681270599365234}"
"{'x': -14.530851364135742, 'y': 17.04206657409668, 'z': 5.809372901916504}"
"{'x': -14.363554000854492, 'y': 17.05992889404297, 'z': 5.4871039390563965}"
"{'x': -14.226820945739746, 'y': 16.941753387451172, 'z': 4.919975757598877}"
"{'x': -14.142759323120117, 'y': 16.875497817993164, 'z': 4.531259536743164}"
"{'x': -14.181273460388184, 'y': 16.77509117126465, 'z': 4.261297225952148}"
"{'x': -14.188830375671387, 'y': 16.638389587402344, 'z': 4.008512496948242}"
"{'x': -14.12024974822998, 'y': 16.742237091064453, 'z': 4.0217180252075195}"
"{'x': -14.17072582244873, 'y': 16.827451705932617, 'z': 3.8651645183563232}"
"{'x': -14.105195999145508, 'y': 16.64955711364746, 'z': 3.3071541786193848}"
"{'x': -14.178923606872559, 'y': 16.581586837768555, 'z': 3.034418821334839}"
"{'x': -14.218341827392578, 'y': 16.636083602905273, 'z': 2.9880025386810303}"
"{'x': -14.117209434509277, 'y': 16.559064865112305, 'z': 2.586897850036621}"
"{'x': -14.125271797180176, 'y': 16.524322509765625, 'z': 2.05690598487854}"
"{'x': -14.16750717163086, 'y': 16.412023544311523, 'z': 1.8515444993972778}"
"{'x': -14.102349281311035, 'y': 16.216510772705078, 'z': 1.7022038698196411}"
"{'x': -13.972115516662598, 'y': 16.172607421875, 'z': 1.536373257637024}"
"{'x': -13.83348274230957, 'y': 16.127958297729492, 'z': 1.0642211437225342}"
"{'x': -13.872740745544434, 'y': 16.13245964050293, 'z': 0.7012224793434143}"
"{'x': -13.813702583312988, 'y': 16.109270095825195, 'z': 0.3476523756980896}"
"{'x': -13.76612377166748, 'y': 15.982200622558594, 'z': -0.07956472039222717}"
"{'x': -13.702881813049316, 'y': 15.955118179321289, 'z': -0.5259896516799927}"
"{'x': -13.6627197265625, 'y': 15.959064483642578, 'z': -1.1281747817993164}"
"{'x': -13.476812362670898, 'y': 15.952380180358887, 'z': -1.2288951873779297}"
"{'x': -13.175249099731445, 'y': 15.842673301696777, 'z': -1.4521139860153198}"
"{'x': -13.03679084777832, 'y': 15.8214693069458, 'z': -1.8707735538482666}"
"{'x': -13.04226303100586, 'y': 15.769104957580566, 'z': -1.9923605918884277}"
"{'x': -13.11203384399414, 'y': 15.69562816619873, 'z': -1.9390159845352173}"
"{'x': -13.041498184204102, 'y': 15.542037010192871, 'z': -1.9127002954483032}"
"{'x': -12.944645881652832, 'y': 15.400385856628418, 'z': -2.192687749862671}"
"{'x': -13.018866539001465, 'y': 15.299696922302246, 'z': -2.6045351028442383}"
"{'x': -13.275437355041504, 'y': 15.334830284118652, 'z': -2.760301351547241}"
"{'x': -13.275211334228516, 'y': 15.24375057220459, 'z': -2.7744479179382324}"
"{'x': -13.241110801696777, 'y': 14.939596176147461, 'z': -3.048468828201294}"
"{'x': -13.208701133728027, 'y': 14.632818222045898, 'z': -3.1305534839630127}"
"{'x': -13.027043342590332, 'y': 14.417627334594727, 'z': -3.3686134815216064}"
"{'x': -12.86829948425293, 'y': 14.28582763671875, 'z': -3.4462456703186035}"
"{'x': -12.900851249694824, 'y': 14.182219505310059, 'z': -3.3615543842315674}"
"{'x': -12.874208450317383, 'y': 14.11328125, 'z': -3.7455365657806396}"
"{'x': -12.834447860717773, 'y': 13.840689659118652, 'z': -4.18068790435791}"
"{'x': -12.85627269744873, 'y': 13.756061553955078, 'z': -4.6167426109313965}"
"{'x': -12.775314331054688, 'y': 13.925491333007812, 'z': -4.719609260559082}"
"{'x': -12.797871589660645, 'y': 13.916912078857422, 'z': -5.065365791320801}"
"{'x': -12.771918296813965, 'y': 13.73587417602539, 'z': -5.438143730163574}"
"{'x': -12.78329849243164, 'y': 13.732484817504883, 'z': -5.440612316131592}"
"{'x': -12.805241584777832, 'y': 13.691591262817383, 'z': -5.718308448791504}"
"{'x': -12.752696990966797, 'y': 13.42264175415039, 'z': -5.742891311645508}"
"{'x': -12.74008560180664, 'y': 13.090128898620605, 'z': -5.805350303649902}"
"{'x': -12.673735618591309, 'y': 12.718871116638184, 'z': -6.232812881469727}"
"{'x': -12.7405366897583, 'y': 12.465370178222656, 'z': -6.81707763671875}"
"{'x': -12.974539756774902, 'y': 12.485798835754395, 'z': -6.971073627471924}"
"{'x': -12.95296573638916, 'y': 12.551804542541504, 'z': -6.879886627197266}"
"{'x': -12.742640495300293, 'y': 12.591930389404297, 'z': -6.7552289962768555}"
"{'x': -12.64505672454834, 'y': 12.568018913269043, 'z': -6.688388347625732}"
"{'x': -12.656449317932129, 'y': 12.530473709106445, 'z': -6.948356628417969}"
"{'x': -12.555159568786621, 'y': 12.55867862701416, 'z': -7.181308746337891}"
"{'x': -12.494791984558105, 'y': 12.399904251098633, 'z': -7.452132701873779}"
"{'x': -12.597837448120117, 'y': 12.279317855834961, 'z': -7.440230846405029}"
"{'x': -12.43137264251709, 'y': 12.028396606445312, 'z': -7.39981746673584}"
"{'x': -12.384746551513672, 'y': 11.75442886352539, 'z': -7.235195636749268}"
"{'x': -12.475213050842285, 'y': 11.717947006225586, 'z': -7.2018938064575195}"
"{'x': -12.536741256713867, 'y': 11.766507148742676, 'z': -7.779355525970459}"
"{'x': -12.45520305633545, 'y': 11.498653411865234, 'z': -8.418374061584473}"
"{'x': -12.34575366973877, 'y': 11.30447006225586, 'z': -8.838168144226074}"
"{'x': -12.113426208496094, 'y': 11.134469032287598, 'z': -8.787256240844727}"
"{'x': -12.103168487548828, 'y': 11.130270004272461, 'z': -8.959420204162598}"
"{'x': -11.984685897827148, 'y': 11.065835952758789, 'z': -9.230055809020996}"
"{'x': -12.063858032226562, 'y': 11.029254913330078, 'z': -9.400314331054688}"
"{'x': -12.168542861938477, 'y': 11.029166221618652, 'z': -9.565513610839844}"
"{'x': -12.150280952453613, 'y': 10.779215812683105, 'z': -9.854134559631348}"
"{'x': -12.195258140563965, 'y': 10.580536842346191, 'z': -9.9363374710083}"
"{'x': -12.023550987243652, 'y': 10.611268043518066, 'z': -9.914857864379883}"
"{'x': -11.87579345703125, 'y': 10.537009239196777, 'z': -9.839362144470215}"
"{'x': -11.786701202392578, 'y': 10.346025466918945, 'z': -9.843908309936523}"
"{'x': -11.817121505737305, 'y': 10.183382987976074, 'z': -9.907106399536133}"
"{'x': -11.89067554473877, 'y': 10.06888484954834, 'z': -10.041836738586426}"
"{'x': -12.020270347595215, 'y': 10.075125694274902, 'z': -9.966714859008789}"
"{'x': -11.940934181213379, 'y': 9.988429069519043, 'z': -10.514598846435547}"
"{'x': -11.854314804077148, 'y': 9.909493446350098, 'z': -10.790068626403809}"
"{'x': -11.717961311340332, 'y': 9.82776165008545, 'z': -10.884912490844727}"
"{'x': -11.649125099182129, 'y': 9.780338287353516, 'z': -10.80324649810791}"
"{'x': -11.588813781738281, 'y': 9.700593948364258, 'z': -10.637948036193848}"
"{'x': -11.563762664794922, 'y': 9.605042457580566, 'z': -10.676433563232422}"
"{'x': -11.625439643859863, 'y': 9.502899169921875, 'z': -10.870084762573242}"
"{'x': -11.509011268615723, 'y': 9.17133903503418, 'z': -10.838765144348145}"
"{'x': -11.448953628540039, 'y': 8.983123779296875, 'z': -10.93879508972168}"
"{'x': -11.507641792297363, 'y': 9.019844055175781, 'z': -11.2984037399292}"
"{'x': -11.575531959533691, 'y': 9.090566635131836, 'z': -11.370656967163086}"
"{'x': -11.601808547973633, 'y': 9.165827751159668, 'z': -11.2799711227417}"
"{'x': -11.552407264709473, 'y': 9.214125633239746, 'z': -11.226317405700684}"
"{'x': -11.430594444274902, 'y': 8.969371795654297, 'z': -11.297554016113281}"
"{'x': -11.26625919342041, 'y': 8.741722106933594, 'z': -11.318263053894043}"
"{'x': -11.24443244934082, 'y': 8.519547462463379, 'z': -11.23845100402832}"
"{'x': -11.225266456604004, 'y': 8.493912696838379, 'z': -11.161592483520508}"
"{'x': -11.177964210510254, 'y': 8.544991493225098, 'z': -11.807038307189941}"
"{'x': -11.120177268981934, 'y': 8.546757698059082, 'z': -12.14726448059082}"
"{'x': -11.064542770385742, 'y': 8.477954864501953, 'z': -11.900335311889648}"
"{'x': -11.065767288208008, 'y': 8.339681625366211, 'z': -11.743228912353516}"
"{'x': -11.098184585571289, 'y': 8.126115798950195, 'z': -11.691875457763672}"
"{'x': -11.135956764221191, 'y': 7.954060077667236, 'z': -11.791186332702637}"
"{'x': -11.218263626098633, 'y': 7.780132293701172, 'z': -11.701934814453125}"
"{'x': -11.302781105041504, 'y': 7.626572132110596, 'z': -11.713305473327637}"
"{'x': -11.279682159423828, 'y': 7.551698207855225, 'z': -11.602784156799316}"
"{'x': -11.30356216430664, 'y': 7.483745098114014, 'z': -11.836402893066406}"
"{'x': -11.41949462890625, 'y': 7.446948051452637, 'z': -11.919157028198242}"
"{'x': -11.547924995422363, 'y': 7.330141067504883, 'z': -11.664188385009766}"
"{'x': -11.542613983154297, 'y': 7.195721626281738, 'z': -11.890167236328125}"
"{'x': -11.660283088684082, 'y': 7.1140546798706055, 'z': -11.760380744934082}"
"{'x': -11.463677406311035, 'y': 7.265495300292969, 'z': -11.711009979248047}"
"{'x': -11.186678886413574, 'y': 7.11710262298584, 'z': -11.671889305114746}"
"{'x': -11.208460807800293, 'y': 6.881464004516602, 'z': -11.49233341217041}"
"{'x': -11.38508415222168, 'y': 6.945742607116699, 'z': -11.860987663269043}"
"{'x': -11.351997375488281, 'y': 6.841026782989502, 'z': -12.009902000427246}"
"{'x': -11.312612533569336, 'y': 6.672533988952637, 'z': -12.49629020690918}"
"{'x': -11.367066383361816, 'y': 6.640110015869141, 'z': -12.149826049804688}"
"{'x': -11.458312034606934, 'y': 6.751813888549805, 'z': -11.621212005615234}"
"{'x': -11.465593338012695, 'y': 6.6520891189575195, 'z': -11.614951133728027}"
"{'x': -11.650419235229492, 'y': 6.6979804039001465, 'z': -11.885851860046387}"
"{'x': -11.651494026184082, 'y': 6.839277744293213, 'z': -11.754576683044434}"
"{'x': -11.425213813781738, 'y': 6.761454105377197, 'z': -11.692265510559082}"
"{'x': -11.414941787719727, 'y': 6.8616790771484375, 'z': -11.685247421264648}"
"{'x': -11.616887092590332, 'y': 7.083739757537842, 'z': -11.656046867370605}"
"{'x': -11.663887023925781, 'y': 7.00999116897583, 'z': -11.917404174804688}"
"{'x': -11.49708366394043, 'y': 6.873620510101318, 'z': -12.040274620056152}"
"{'x': -11.558736801147461, 'y': 6.726347923278809, 'z': -11.797714233398438}"
"{'x': -11.712724685668945, 'y': 6.490294933319092, 'z': -11.620024681091309}"
"{'x': -11.723669052124023, 'y': 6.498236179351807, 'z': -11.817708015441895}"
"{'x': -11.71074390411377, 'y': 6.438704490661621, 'z': -11.869385719299316}"
"{'x': -11.639405250549316, 'y': 6.250680923461914, 'z': -11.95768928527832}"
"{'x': -11.728480339050293, 'y': 6.205785274505615, 'z': -11.85938549041748}"
"{'x': -11.762896537780762, 'y': 6.357131481170654, 'z': -11.748778343200684}"
"{'x': -11.696782112121582, 'y': 6.3709635734558105, 'z': -12.034124374389648}"
"{'x': -11.72278881072998, 'y': 6.455840587615967, 'z': -12.286426544189453}"
"{'x': -11.694954872131348, 'y': 6.474286079406738, 'z': -12.089597702026367}"
"{'x': -11.701399803161621, 'y': 6.4724297523498535, 'z': -11.873579978942871}"
"{'x': -11.685997009277344, 'y': 6.5431413650512695, 'z': -11.967972755432129}"
"{'x': -11.63606071472168, 'y': 6.643304347991943, 'z': -12.018577575683594}"
"{'x': -11.542581558227539, 'y': 6.603055953979492, 'z': -11.839109420776367}"
"{'x': -11.560728073120117, 'y': 6.5040788650512695, 'z': -11.769574165344238}"
"{'x': -11.60263729095459, 'y': 6.453344345092773, 'z': -11.691778182983398}"
"{'x': -11.568973541259766, 'y': 6.320562362670898, 'z': -11.590676307678223}"
"{'x': -11.720376014709473, 'y': 6.194369316101074, 'z': -11.49209213256836}"
"{'x': -11.889057159423828, 'y': 6.126492500305176, 'z': -11.581710815429688}"
"{'x': -11.869436264038086, 'y': 6.109299659729004, 'z': -11.811685562133789}"
"{'x': -11.750590324401855, 'y': 6.3311238288879395, 'z': -11.651045799255371}"
"{'x': -11.723484992980957, 'y': 6.318213939666748, 'z': -11.581836700439453}"
"{'x': -11.707710266113281, 'y': 6.2555012702941895, 'z': -11.621471405029297}"
"{'x': -11.86982250213623, 'y': 6.415808200836182, 'z': -11.775921821594238}"
"{'x': -12.047073364257812, 'y': 6.553559303283691, 'z': -12.014019012451172}"
"{'x': -12.152626037597656, 'y': 6.671688079833984, 'z': -12.379392623901367}"
"{'x': -12.23264217376709, 'y': 6.734667778015137, 'z': -12.606462478637695}"
"{'x': -12.423319816589355, 'y': 6.825656414031982, 'z': -12.487709999084473}"
"{'x': -12.661019325256348, 'y': 6.634931564331055, 'z': -12.47811508178711}"
"{'x': -12.703474044799805, 'y': 6.5576372146606445, 'z': -12.335893630981445}"
"{'x': -12.64340877532959, 'y': 6.523853778839111, 'z': -12.356566429138184}"
"{'x': -12.642306327819824, 'y': 6.576305866241455, 'z': -12.38870906829834}"
"{'x': -12.525057792663574, 'y': 6.643340110778809, 'z': -12.423806190490723}"
"{'x': -12.529767990112305, 'y': 6.674148082733154, 'z': -12.455650329589844}"
"{'x': -12.551835060119629, 'y': 6.761228561401367, 'z': -12.429121971130371}"
"{'x': -12.654716491699219, 'y': 6.829792022705078, 'z': -12.685450553894043}"
"{'x': -12.766011238098145, 'y': 6.9956817626953125, 'z': -12.506082534790039}"
"{'x': -12.797077178955078, 'y': 7.037746429443359, 'z': -12.267778396606445}"
"{'x': -12.933096885681152, 'y': 7.058157444000244, 'z': -12.215353965759277}"
"{'x': -12.967462539672852, 'y': 7.10317325592041, 'z': -12.393710136413574}"
"{'x': -13.019376754760742, 'y': 7.1687822341918945, 'z': -12.470255851745605}"
"{'x': -13.08696460723877, 'y': 7.179944038391113, 'z': -12.52258586883545}"
"{'x': -13.038273811340332, 'y': 7.188605308532715, 'z': -12.706483840942383}"
"{'x': -13.025338172912598, 'y': 7.301036834716797, 'z': -12.580086708068848}"
"{'x': -13.036924362182617, 'y': 7.325954914093018, 'z': -12.66623306274414}"
"{'x': -13.11247444152832, 'y': 7.33864688873291, 'z': -12.856585502624512}"
"{'x': -13.190852165222168, 'y': 7.503540992736816, 'z': -13.06043815612793}"
"{'x': -13.102499008178711, 'y': 7.694473743438721, 'z': -13.157269477844238}"
"{'x': -13.209989547729492, 'y': 7.950891494750977, 'z': -13.21509838104248}"
"{'x': -13.521340370178223, 'y': 8.047483444213867, 'z': -13.357192993164062}"
"{'x': -13.41999340057373, 'y': 8.020339012145996, 'z': -13.54823112487793}"
"{'x': -13.376838684082031, 'y': 8.161553382873535, 'z': -13.565898895263672}"
"{'x': -13.367867469787598, 'y': 8.184661865234375, 'z': -13.284428596496582}"
"{'x': -13.385369300842285, 'y': 7.963804244995117, 'z': -13.0433931350708}"
"{'x': -13.424384117126465, 'y': 7.865443229675293, 'z': -13.009861946105957}"
"{'x': -13.60854434967041, 'y': 7.964415550231934, 'z': -13.30059814453125}"
"{'x': -13.713215827941895, 'y': 7.9364848136901855, 'z': -13.388604164123535}"
"{'x': -13.810418128967285, 'y': 8.233213424682617, 'z': -13.571667671203613}"
"{'x': -13.942388534545898, 'y': 8.397701263427734, 'z': -13.693100929260254}"
"{'x': -13.963972091674805, 'y': 8.364171981811523, 'z': -13.963181495666504}"
"{'x': -13.832772254943848, 'y': 8.348797798156738, 'z': -14.065183639526367}"
"{'x': -13.931589126586914, 'y': 8.415119171142578, 'z': -14.006414413452148}"
"{'x': -14.073448181152344, 'y': 8.747730255126953, 'z': -14.125232696533203}"
"{'x': -14.030856132507324, 'y': 8.860939025878906, 'z': -14.459379196166992}"
"{'x': -13.997913360595703, 'y': 9.07315731048584, 'z': -14.734027862548828}"
"{'x': -13.86038875579834, 'y': 9.060462951660156, 'z': -14.978031158447266}"
"{'x': -13.927597999572754, 'y': 8.916044235229492, 'z': -15.163507461547852}"
"{'x': -14.030354499816895, 'y': 8.750298500061035, 'z': -15.404356002807617}"
"{'x': -14.236352920532227, 'y': 8.837998390197754, 'z': -15.409762382507324}"
"{'x': -14.333052635192871, 'y': 9.017361640930176, 'z': -15.632329940795898}"
"{'x': -14.335472106933594, 'y': 9.066527366638184, 'z': -15.692959785461426}"
"{'x': -14.38235092163086, 'y': 9.22794246673584, 'z': -15.760814666748047}"
"{'x': -14.590559959411621, 'y': 9.467275619506836, 'z': -15.546930313110352}"
"{'x': -14.796731948852539, 'y': 9.553194046020508, 'z': -15.331391334533691}"
"{'x': -14.769593238830566, 'y': 9.50570011138916, 'z': -15.445684432983398}"
"{'x': -14.734285354614258, 'y': 9.484573364257812, 'z': -15.569486618041992}"
"{'x': -14.781475067138672, 'y': 9.527129173278809, 'z': -15.826459884643555}"
"{'x': -14.918285369873047, 'y': 9.693081855773926, 'z': -15.859095573425293}"
"{'x': -15.06332015991211, 'y': 9.786482810974121, 'z': -15.699565887451172}"
"{'x': -15.193408966064453, 'y': 9.598089218139648, 'z': -16.152311325073242}"
"{'x': -15.332127571105957, 'y': 9.738096237182617, 'z': -16.472604751586914}"
"{'x': -15.281805038452148, 'y': 9.894941329956055, 'z': -16.7189884185791}"
"{'x': -15.275774002075195, 'y': 9.978523254394531, 'z': -16.92677116394043}"
"{'x': -15.463052749633789, 'y': 10.02446174621582, 'z': -16.870445251464844}"
"{'x': -15.391613006591797, 'y': 9.97668743133545, 'z': -16.89573860168457}"
"{'x': -15.263239860534668, 'y': 10.019842147827148, 'z': -17.318740844726562}"
"{'x': -15.267911911010742, 'y': 10.025290489196777, 'z': -17.71371841430664}"
"{'x': -15.367598533630371, 'y': 10.125003814697266, 'z': -18.003808975219727}"
"{'x': -15.536952018737793, 'y': 10.343204498291016, 'z': -18.522428512573242}"
"{'x': -15.748398780822754, 'y': 10.508400917053223, 'z': -19.068952560424805}"
"{'x': -15.971158981323242, 'y': 10.454545974731445, 'z': -19.276077270507812}"
"{'x': -16.062015533447266, 'y': 10.251803398132324, 'z': -19.322553634643555}"
"{'x': -16.043834686279297, 'y': 10.266765594482422, 'z': -19.728904724121094}"
"{'x': -16.08549690246582, 'y': 10.86091423034668, 'z': -19.644166946411133}"
"{'x': -16.126352310180664, 'y': 10.470120429992676, 'z': -19.74455451965332}"
"{'x': -16.1820068359375, 'y': 10.397629737854004, 'z': -19.936891555786133}"
"{'x': -16.868759155273438, 'y': 10.371381759643555, 'z': -19.9259033203125}"
"{'x': -16.63212776184082, 'y': 10.245012283325195, 'z': -20.098724365234375}"
"{'x': -16.635896682739258, 'y': 10.327662467956543, 'z': -20.25377655029297}"
"{'x': -16.556074142456055, 'y': 10.27167797088623, 'z': -20.457124710083008}"
"{'x': -16.51894187927246, 'y': 10.282177925109863, 'z': -20.783658981323242}"
"{'x': -16.42230796813965, 'y': 10.403879165649414, 'z': -21.332569122314453}"
"{'x': -16.28908348083496, 'y': 10.335039138793945, 'z': -21.588144302368164}"
"{'x': -16.26764488220215, 'y': 10.101725578308105, 'z': -21.967227935791016}"
"{'x': -16.557523727416992, 'y': 10.039579391479492, 'z': -22.28825569152832}"
"{'x': -16.67696189880371, 'y': 10.032793045043945, 'z': -22.2101993560791}"
"{'x': -16.7698974609375, 'y': 10.043313026428223, 'z': -22.10636329650879}"
"{'x': -16.879188537597656, 'y': 10.087210655212402, 'z': -22.44468879699707}"
"{'x': -17.082674026489258, 'y': 9.934680938720703, 'z': -22.828887939453125}"
"{'x': -17.226078033447266, 'y': 9.66347599029541, 'z': -23.11368179321289}"
"{'x': -17.358179092407227, 'y': 9.857605934143066, 'z': -23.365280151367188}"
"{'x': -17.398174285888672, 'y': 10.09816837310791, 'z': -23.315595626831055}"
"{'x': -17.29397964477539, 'y': 10.226304054260254, 'z': -23.094640731811523}"
"{'x': -17.385005950927734, 'y': 10.015596389770508, 'z': -23.552196502685547}"
"{'x': -17.43781852722168, 'y': 10.02657699584961, 'z': -23.83213996887207}"
"{'x': -17.472688674926758, 'y': 10.110234260559082, 'z': -24.063186645507812}"
"{'x': -17.521005630493164, 'y': 10.070415496826172, 'z': -24.399648666381836}"
"{'x': -17.653919219970703, 'y': 9.953287124633789, 'z': -24.682859420776367}"
"{'x': -17.614404678344727, 'y': 9.846880912780762, 'z': -24.63991928100586}"
"{'x': -17.691415786743164, 'y': 9.661996841430664, 'z': -24.726289749145508}"
"{'x': -17.899925231933594, 'y': 9.45113468170166, 'z': -25.299392700195312}"
"{'x': -17.957340240478516, 'y': 9.346724510192871, 'z': -25.669370651245117}"
"{'x': -17.911340713500977, 'y': 9.246737480163574, 'z': -26.58084487915039}"
"{'x': -17.93927001953125, 'y': 9.194756507873535, 'z': -26.711729049682617}"
"{'x': -18.105905532836914, 'y': 9.129193305969238, 'z': -26.627315521240234}"
"{'x': -18.176815032958984, 'y': 9.078849792480469, 'z': -26.846630096435547}"
"{'x': -18.361223220825195, 'y': 8.97442626953125, 'z': -26.874853134155273}"
"{'x': -18.45682716369629, 'y': 8.760588645935059, 'z': -26.969139099121094}"
"{'x': -18.59771728515625, 'y': 8.509952545166016, 'z': -27.414793014526367}"
"{'x': -18.650903701782227, 'y': 8.402276992797852, 'z': -27.74163055419922}"
"{'x': -18.769371032714844, 'y': 8.378127098083496, 'z': -28.11525535583496}"
"{'x': -18.82999610900879, 'y': 8.425868034362793, 'z': -28.253503799438477}"
"{'x': -18.81094741821289, 'y': 8.253931045532227, 'z': -28.066808700561523}"
"{'x': -18.878177642822266, 'y': 8.197868347167969, 'z': -28.03748321533203}"
"{'x': -18.938997268676758, 'y': 8.205967903137207, 'z': -28.611591339111328}"
"{'x': -19.03916358947754, 'y': 7.414789199829102, 'z': -29.440265655517578}"
"{'x': -19.180843353271484, 'y': 7.487972259521484, 'z': -29.78220558166504}"
"{'x': -19.12008285522461, 'y': 7.648685932159424, 'z': -29.806716918945312}"
"{'x': -19.122631072998047, 'y': 7.780025482177734, 'z': -29.78010368347168}"
"{'x': -19.32462501525879, 'y': 7.701723575592041, 'z': -29.841045379638672}"
"{'x': -19.45706558227539, 'y': 7.43160343170166, 'z': -30.068161010742188}"
"{'x': -19.631816864013672, 'y': 6.672017574310303, 'z': -30.30944061279297}"
"{'x': -19.776819229125977, 'y': 6.568970680236816, 'z': -30.66591453552246}"
"{'x': -20.417694091796875, 'y': 6.360551834106445, 'z': -30.935583114624023}"
"{'x': -20.223960876464844, 'y': 6.290571689605713, 'z': -31.242563247680664}"
"{'x': -20.1232852935791, 'y': 6.2486958503723145, 'z': -31.726133346557617}"
"{'x': -20.065034866333008, 'y': 6.068098545074463, 'z': -32.15847396850586}"
"{'x': -19.961172103881836, 'y': 5.97250509262085, 'z': -32.28876876831055}"
"{'x': -20.016401290893555, 'y': 6.028496742248535, 'z': -32.58043670654297}"
"{'x': -20.115781784057617, 'y': 5.94758939743042, 'z': -32.685203552246094}"
"{'x': -20.058473587036133, 'y': 5.7462944984436035, 'z': -33.002777099609375}"
"{'x': -20.292259216308594, 'y': 5.586522102355957, 'z': -33.13667297363281}"
"{'x': -20.509353637695312, 'y': 5.231908798217773, 'z': -33.327293395996094}"
"{'x': -20.49260711669922, 'y': 5.057980537414551, 'z': -33.66029357910156}"
"{'x': -20.399124145507812, 'y': 4.8513593673706055, 'z': -33.813899993896484}"
"{'x': -20.383560180664062, 'y': 4.656572341918945, 'z': -33.782100677490234}"
"{'x': -20.47947883605957, 'y': 4.535836696624756, 'z': -33.726951599121094}"
"{'x': -20.545095443725586, 'y': 4.2661614418029785, 'z': -33.58332824707031}"
"{'x': -20.42287826538086, 'y': 4.108732223510742, 'z': -33.670249938964844}"
"{'x': -20.459749221801758, 'y': 4.004339694976807, 'z': -33.890811920166016}"
"{'x': -20.44854164123535, 'y': 3.658761739730835, 'z': -34.20138168334961}"
"{'x': -20.485280990600586, 'y': 3.2869067192077637, 'z': -34.2432861328125}"
"{'x': -20.61370849609375, 'y': 3.090998888015747, 'z': -34.146324157714844}"
"{'x': -20.736169815063477, 'y': 3.0293350219726562, 'z': -34.080684661865234}"
"{'x': -20.881378173828125, 'y': 2.903351306915283, 'z': -34.172454833984375}"
"{'x': -20.994525909423828, 'y': 2.5245535373687744, 'z': -34.362030029296875}"
"{'x': -20.959075927734375, 'y': 2.3086647987365723, 'z': -34.13998794555664}"
"{'x': -20.96016502380371, 'y': 2.186551809310913, 'z': -34.189510345458984}"
"{'x': -20.969202041625977, 'y': 1.8815888166427612, 'z': -34.378089904785156}"
"{'x': -20.9864444732666, 'y': 1.5658899545669556, 'z': -34.5625}"
"{'x': -21.10980987548828, 'y': 1.3343892097473145, 'z': -34.72486877441406}"
"{'x': -21.259090423583984, 'y': 1.0756603479385376, 'z': -35.06097412109375}"
"{'x': -21.29898452758789, 'y': 0.7537007331848145, 'z': -35.19136428833008}"
"{'x': -21.247039794921875, 'y': 0.5257088541984558, 'z': -35.22344207763672}"
"{'x': -21.29660415649414, 'y': 0.17766843736171722, 'z': -35.32778549194336}"
"{'x': -21.438268661499023, 'y': -0.01448605116456747, 'z': -35.25263595581055}"
"{'x': -21.594148635864258, 'y': -0.016943244263529778, 'z': -35.384674072265625}"
"{'x': -21.629695892333984, 'y': -0.2088785618543625, 'z': -35.518795013427734}"
"{'x': -21.7626895904541, 'y': -0.4699397087097168, 'z': -35.708126068115234}"
"{'x': -21.64414405822754, 'y': -0.7503702640533447, 'z': -35.44307327270508}"
"{'x': -21.590715408325195, 'y': -0.9929962158203125, 'z': -35.622013092041016}"
"{'x': -21.617931365966797, 'y': -1.1652382612228394, 'z': -35.79146957397461}"
"{'x': -21.645723342895508, 'y': -1.57712721824646, 'z': -36.17092514038086}"
"{'x': -21.751230239868164, 'y': -1.76828932762146, 'z': -36.18497085571289}"
"{'x': -21.757410049438477, 'y': -2.0535976886749268, 'z': -36.29490280151367}"
"{'x': -21.85405921936035, 'y': -2.3955485820770264, 'z': -36.31562423706055}"
"{'x': -21.959983825683594, 'y': -2.8079111576080322, 'z': -35.84033203125}"
"{'x': -22.111127853393555, 'y': -2.619077682495117, 'z': -35.58304214477539}"
"{'x': -22.236045837402344, 'y': -2.89597749710083, 'z': -35.41075134277344}"
"{'x': -22.15468406677246, 'y': -2.9941158294677734, 'z': -35.466583251953125}"
"{'x': -22.140289306640625, 'y': -3.232222080230713, 'z': -35.55205154418945}"
"{'x': -22.252988815307617, 'y': -3.673126697540283, 'z': -35.782718658447266}"
"{'x': -22.22446632385254, 'y': -4.231752872467041, 'z': -35.768226623535156}"
"{'x': -22.189424514770508, 'y': -4.585872650146484, 'z': -35.539852142333984}"
"{'x': -22.298263549804688, 'y': -4.820091247558594, 'z': -35.27204513549805}"
"{'x': -22.27593231201172, 'y': -5.184699535369873, 'z': -35.55753707885742}"
"{'x': -22.160709381103516, 'y': -5.497040271759033, 'z': -36.190956115722656}"
"{'x': -22.223617553710938, 'y': -5.602072238922119, 'z': -36.120384216308594}"
"{'x': -22.272232055664062, 'y': -6.026660919189453, 'z': -35.66380310058594}"
"{'x': -22.317338943481445, 'y': -6.398900508880615, 'z': -35.617679595947266}"
"{'x': -22.29998207092285, 'y': -6.539289951324463, 'z': -35.46493148803711}"
"{'x': -22.313289642333984, 'y': -6.74091911315918, 'z': -35.54480743408203}"
"{'x': -22.342418670654297, 'y': -6.891386985778809, 'z': -35.74564743041992}"
"{'x': -22.427780151367188, 'y': -7.052030563354492, 'z': -35.65972137451172}"
"{'x': -22.472923278808594, 'y': -7.267173767089844, 'z': -35.474124908447266}"
"{'x': -22.683279037475586, 'y': -7.554437160491943, 'z': -35.472537994384766}"
"{'x': -22.751035690307617, 'y': -7.771464824676514, 'z': -35.15807342529297}"
"{'x': -22.83273696899414, 'y': -8.10765266418457, 'z': -34.77067947387695}"
"{'x': -22.866878509521484, 'y': -8.283721923828125, 'z': -34.56248092651367}"
"{'x': -23.053747177124023, 'y': -8.484829902648926, 'z': -34.5818977355957}"
"{'x': -23.072294235229492, 'y': -8.870043754577637, 'z': -34.32577133178711}"
"{'x': -23.017131805419922, 'y': -9.037481307983398, 'z': -34.01687240600586}"
"{'x': -22.92658805847168, 'y': -9.091740608215332, 'z': -33.97384262084961}"
"{'x': -22.876089096069336, 'y': -9.350086212158203, 'z': -34.010093688964844}"
"{'x': -22.888317108154297, 'y': -9.535870552062988, 'z': -33.738399505615234}"
"{'x': -23.038267135620117, 'y': -9.799905776977539, 'z': -33.62810516357422}"
"{'x': -23.22243881225586, 'y': -10.093526840209961, 'z': -33.66127395629883}"
"{'x': -23.28519630432129, 'y': -10.240839004516602, 'z': -33.31930923461914}"
"{'x': -23.347761154174805, 'y': -10.489657402038574, 'z': -32.988582611083984}"
"{'x': -23.388784408569336, 'y': -10.762800216674805, 'z': -32.8248176574707}"
"{'x': -23.442453384399414, 'y': -11.103196144104004, 'z': -32.618648529052734}"
"{'x': -23.429889678955078, 'y': -11.439794540405273, 'z': -32.20429229736328}"
"{'x': -23.257780075073242, 'y': -11.715240478515625, 'z': -31.956239700317383}"
"{'x': -23.151195526123047, 'y': -11.955124855041504, 'z': -31.756677627563477}"
"{'x': -23.43942642211914, 'y': -12.080103874206543, 'z': -31.65667724609375}"
"{'x': -23.678064346313477, 'y': -12.196267127990723, 'z': -31.952531814575195}"
"{'x': -23.718538284301758, 'y': -12.351411819458008, 'z': -32.0804557800293}"
"{'x': -23.862598419189453, 'y': -12.62885856628418, 'z': -31.720964431762695}"
"{'x': -23.951692581176758, 'y': -12.944071769714355, 'z': -31.75834846496582}"
"{'x': -23.764474868774414, 'y': -13.335027694702148, 'z': -31.35555076599121}"
"{'x': -23.60398292541504, 'y': -13.590420722961426, 'z': -31.03192710876465}"
"{'x': -23.701740264892578, 'y': -13.648771286010742, 'z': -30.944032669067383}"
"{'x': -23.74742889404297, 'y': -13.760598182678223, 'z': -30.67307472229004}"
"{'x': -23.704923629760742, 'y': -14.135461807250977, 'z': -30.59175682067871}"
"{'x': -23.765939712524414, 'y': -14.331130981445312, 'z': -30.058944702148438}"
"{'x': -23.649547576904297, 'y': -14.588441848754883, 'z': -29.735553741455078}"
"{'x': -23.638277053833008, 'y': -14.783806800842285, 'z': -29.51512908935547}"
"{'x': -23.63848114013672, 'y': -14.9835844039917, 'z': -29.44273567199707}"
"{'x': -23.70842933654785, 'y': -15.098091125488281, 'z': -29.381988525390625}"
"{'x': -23.934045791625977, 'y': -15.129012107849121, 'z': -29.113248825073242}"
"{'x': -24.155542373657227, 'y': -15.41553783416748, 'z': -28.584060668945312}"
"{'x': -24.2800350189209, 'y': -15.684826850891113, 'z': -28.09906768798828}"
"{'x': -24.324811935424805, 'y': -15.888199806213379, 'z': -27.614683151245117}"
"{'x': -24.289302825927734, 'y': -15.966585159301758, 'z': -27.833641052246094}"
"{'x': -24.351966857910156, 'y': -16.205915451049805, 'z': -27.972929000854492}"
"{'x': -24.312997817993164, 'y': -16.41320037841797, 'z': -27.593868255615234}"
"{'x': -24.285545349121094, 'y': -16.415552139282227, 'z': -27.158069610595703}"
"{'x': -24.274145126342773, 'y': -16.72620391845703, 'z': -26.84853744506836}"
"{'x': -24.18785858154297, 'y': -16.96757698059082, 'z': -26.44428825378418}"
"{'x': -24.070281982421875, 'y': -17.173460006713867, 'z': -26.1970157623291}"
"{'x': -24.079452514648438, 'y': -17.379703521728516, 'z': -26.003522872924805}"
"{'x': -24.218923568725586, 'y': -17.813121795654297, 'z': -25.723846435546875}"
"{'x': -24.45702362060547, 'y': -18.11846923828125, 'z': -25.426876068115234}"
"{'x': -24.576923370361328, 'y': -18.219139099121094, 'z': -25.17097282409668}"
"{'x': -24.662630081176758, 'y': -18.162029266357422, 'z': -24.829317092895508}"
"{'x': -24.578176498413086, 'y': -18.399166107177734, 'z': -24.75788116455078}"
"{'x': -24.65983009338379, 'y': -18.58882713317871, 'z': -24.62848663330078}"
"{'x': -24.891267776489258, 'y': -18.61287498474121, 'z': -24.35301971435547}"
"{'x': -24.823013305664062, 'y': -18.698474884033203, 'z': -23.85177230834961}"
"{'x': -24.61870574951172, 'y': -18.80398178100586, 'z': -23.577112197875977}"
"{'x': -24.531953811645508, 'y': -18.9017276763916, 'z': -23.390586853027344}"
"{'x': -24.451583862304688, 'y': -19.060895919799805, 'z': -22.911502838134766}"
"{'x': -24.50394630432129, 'y': -19.237262725830078, 'z': -22.403593063354492}"
"{'x': -24.578336715698242, 'y': -19.34971809387207, 'z': -21.77669334411621}"
"{'x': -24.475099563598633, 'y': -19.615324020385742, 'z': -21.456073760986328}"
"{'x': -24.380422592163086, 'y': -19.880279541015625, 'z': -21.535282135009766}"
"{'x': -24.41485595703125, 'y': -20.02544593811035, 'z': -21.215423583984375}"
"{'x': -24.490652084350586, 'y': -20.071718215942383, 'z': -20.909055709838867}"
"{'x': -24.469707489013672, 'y': -20.265926361083984, 'z': -20.29800033569336}"
"{'x': -24.58492088317871, 'y': -20.52751922607422, 'z': -19.801612854003906}"
"{'x': -24.68068504333496, 'y': -20.780174255371094, 'z': -19.59933090209961}"
"{'x': -24.656583786010742, 'y': -20.78875732421875, 'z': -19.514223098754883}"
"{'x': -24.689359664916992, 'y': -20.94718360900879, 'z': -19.21477699279785}"
"{'x': -24.8375244140625, 'y': -21.168006896972656, 'z': -18.708669662475586}"
"{'x': -24.75929832458496, 'y': -21.28255844116211, 'z': -18.090662002563477}"
"{'x': -24.705957412719727, 'y': -21.478618621826172, 'z': -17.45279884338379}"
"{'x': -24.71024513244629, 'y': -21.68233871459961, 'z': -16.970508575439453}"
"{'x': -24.848628997802734, 'y': -21.62884521484375, 'z': -16.5571346282959}"
"{'x': -24.84007453918457, 'y': -21.623579025268555, 'z': -16.476099014282227}"
"{'x': -24.850818634033203, 'y': -21.65311050415039, 'z': -16.350839614868164}"
"{'x': -24.827407836914062, 'y': -21.660051345825195, 'z': -15.898880958557129}"
"{'x': -24.728172302246094, 'y': -21.814828872680664, 'z': -15.463150978088379}"
"{'x': -24.82927703857422, 'y': -21.872343063354492, 'z': -15.16159725189209}"
"{'x': -24.954360961914062, 'y': -21.957860946655273, 'z': -15.165389060974121}"
"{'x': -25.022621154785156, 'y': -22.204622268676758, 'z': -15.070311546325684}"
"{'x': -25.004724502563477, 'y': -22.362897872924805, 'z': -14.608219146728516}"
"{'x': -25.028831481933594, 'y': -22.675945281982422, 'z': -14.372746467590332}"
"{'x': -25.05657196044922, 'y': -22.873092651367188, 'z': -13.713027954101562}"
"{'x': -25.041635513305664, 'y': -23.00663185119629, 'z': -13.76369571685791}"
"{'x': -25.125272750854492, 'y': -23.057525634765625, 'z': -13.409666061401367}"
"{'x': -25.00519371032715, 'y': -23.113170623779297, 'z': -13.10478401184082}"
"{'x': -24.829835891723633, 'y': -23.158599853515625, 'z': -12.875889778137207}"
"{'x': -24.774999618530273, 'y': -23.17402458190918, 'z': -12.301240921020508}"
"{'x': -24.7686767578125, 'y': -23.260272979736328, 'z': -11.957269668579102}"
"{'x': -24.799413681030273, 'y': -23.33249282836914, 'z': -11.712045669555664}"
"{'x': -24.859968185424805, 'y': -23.3435001373291, 'z': -11.168679237365723}"
"{'x': -24.866125106811523, 'y': -23.529748916625977, 'z': -10.518180847167969}"
"{'x': -24.8176212310791, 'y': -23.47318458557129, 'z': -9.868240356445312}"
"{'x': -24.720048904418945, 'y': -23.369882583618164, 'z': -9.546073913574219}"
"{'x': -24.56800651550293, 'y': -23.604249954223633, 'z': -9.189098358154297}"
"{'x': -24.606521606445312, 'y': -23.636598587036133, 'z': -8.926048278808594}"
"{'x': -24.535232543945312, 'y': -23.60671615600586, 'z': -8.961127281188965}"
"{'x': -24.64635467529297, 'y': -23.56537628173828, 'z': -8.789329528808594}"
"{'x': -24.72431755065918, 'y': -23.535085678100586, 'z': -8.327741622924805}"
"{'x': -24.691543579101562, 'y': -23.491846084594727, 'z': -8.080018997192383}"
"{'x': -24.668275833129883, 'y': -23.548877716064453, 'z': -7.789726257324219}"
"{'x': -24.66163444519043, 'y': -23.669307708740234, 'z': -7.644150733947754}"
"{'x': -24.70517921447754, 'y': -23.77067756652832, 'z': -7.092829704284668}"
"{'x': -24.69614028930664, 'y': -24.040477752685547, 'z': -6.839108943939209}"
"{'x': -24.749469757080078, 'y': -24.309722900390625, 'z': -6.760975360870361}"
"{'x': -24.69568634033203, 'y': -24.241268157958984, 'z': -6.414856433868408}"
"{'x': -24.71464729309082, 'y': -24.254770278930664, 'z': -5.605013370513916}"
"{'x': -24.743831634521484, 'y': -24.37566375732422, 'z': -5.131318092346191}"
"{'x': -24.898906707763672, 'y': -24.343175888061523, 'z': -5.087954998016357}"
"{'x': -24.773096084594727, 'y': -24.467483520507812, 'z': -4.885617733001709}"
"{'x': -24.825897216796875, 'y': -24.33818244934082, 'z': -4.4653639793396}"
"{'x': -24.818115234375, 'y': -24.406949996948242, 'z': -4.0612688064575195}"
"{'x': -24.79436492919922, 'y': -24.51423454284668, 'z': -3.6704487800598145}"
"{'x': -24.90526008605957, 'y': -24.396953582763672, 'z': -3.3085484504699707}"
"{'x': -24.954877853393555, 'y': -24.398792266845703, 'z': -3.0104727745056152}"
"{'x': -24.85936737060547, 'y': -24.403337478637695, 'z': -2.8983166217803955}"
"{'x': -24.703414916992188, 'y': -24.455453872680664, 'z': -2.2187001705169678}"
"{'x': -24.537504196166992, 'y': -24.446434020996094, 'z': -1.8093891143798828}"
"{'x': -24.572202682495117, 'y': -24.404220581054688, 'z': -1.621687650680542}"
"{'x': -24.39409065246582, 'y': -24.435028076171875, 'z': -1.5192219018936157}"
"{'x': -24.271554946899414, 'y': -24.34031105041504, 'z': -1.5166126489639282}"
"{'x': -24.51740837097168, 'y': -24.464733123779297, 'z': -0.874511182308197}"
"{'x': -24.600704193115234, 'y': -24.37505340576172, 'z': -0.29284241795539856}"
"{'x': -24.565811157226562, 'y': -24.4067440032959, 'z': -0.1578543484210968}"
"{'x': -24.5545654296875, 'y': -24.416460037231445, 'z': 0.04127294942736626}"
"{'x': -24.689990997314453, 'y': -24.36553192138672, 'z': 0.18360565602779388}"
"{'x': -24.692184448242188, 'y': -24.2368106842041, 'z': 0.6607047319412231}"
"{'x': -24.790861129760742, 'y': -24.349857330322266, 'z': 1.3015505075454712}"
"{'x': -24.624378204345703, 'y': -24.454647064208984, 'z': 1.547983169555664}"
"{'x': -24.27143096923828, 'y': -24.621788024902344, 'z': 1.6724756956100464}"
"{'x': -24.251420974731445, 'y': -24.678674697875977, 'z': 2.2401859760284424}"
"{'x': -24.333934783935547, 'y': -24.548017501831055, 'z': 2.3595237731933594}"
"{'x': -24.251544952392578, 'y': -24.5704402923584, 'z': 2.7174198627471924}"
"{'x': -24.172590255737305, 'y': -24.604114532470703, 'z': 2.9016807079315186}"
"{'x': -24.31998634338379, 'y': -24.542640686035156, 'z': 3.1367897987365723}"
"{'x': -24.43883514404297, 'y': -24.509387969970703, 'z': 3.420738697052002}"
"{'x': -24.448219299316406, 'y': -24.36591148376465, 'z': 3.955521583557129}"
"{'x': -24.416187286376953, 'y': -24.41299057006836, 'z': 4.4050679206848145}"
"{'x': -24.339296340942383, 'y': -24.327058792114258, 'z': 4.811523914337158}"
"{'x': -24.172718048095703, 'y': -24.12893295288086, 'z': 5.399698734283447}"
"{'x': -23.933439254760742, 'y': -24.196395874023438, 'z': 5.740427494049072}"
"{'x': -23.83724594116211, 'y': -24.2265682220459, 'z': 5.926377296447754}"
"{'x': -23.883827209472656, 'y': -24.27739715576172, 'z': 6.156215190887451}"
"{'x': -23.841739654541016, 'y': -24.025779724121094, 'z': 6.4148712158203125}"
"{'x': -23.837207794189453, 'y': -23.756591796875, 'z': 6.6822919845581055}"
"{'x': -23.98628044128418, 'y': -23.617704391479492, 'z': 7.065408706665039}"
"{'x': -24.019025802612305, 'y': -23.815780639648438, 'z': 7.298374652862549}"
"{'x': -24.147592544555664, 'y': -23.806055068969727, 'z': 7.576547622680664}"
"{'x': -24.158409118652344, 'y': -23.76497459411621, 'z': 7.934828758239746}"
"{'x': -24.169612884521484, 'y': -23.738508224487305, 'z': 8.166299819946289}"
"{'x': -24.171863555908203, 'y': -23.716876983642578, 'z': 8.622819900512695}"
"{'x': -24.1163272857666, 'y': -23.53946876525879, 'z': 9.244075775146484}"
"{'x': -23.895784378051758, 'y': -23.46398162841797, 'z': 9.414070129394531}"
"{'x': -23.892629623413086, 'y': -23.632890701293945, 'z': 9.522068977355957}"
"{'x': -23.979442596435547, 'y': -23.621540069580078, 'z': 9.573848724365234}"
"{'x': -24.027027130126953, 'y': -23.531532287597656, 'z': 9.979252815246582}"
"{'x': -23.926206588745117, 'y': -23.422042846679688, 'z': 9.897902488708496}"
"{'x': -23.867515563964844, 'y': -23.37627601623535, 'z': 9.973496437072754}"
"{'x': -23.954280853271484, 'y': -23.149921417236328, 'z': 10.191221237182617}"
"{'x': -23.99244499206543, 'y': -23.034515380859375, 'z': 10.935115814208984}"
"{'x': -24.07485008239746, 'y': -22.87152862548828, 'z': 11.305024147033691}"
"{'x': -24.139928817749023, 'y': -22.661209106445312, 'z': 11.226058959960938}"
"{'x': -24.038253784179688, 'y': -22.58170509338379, 'z': 11.491670608520508}"
"{'x': -23.966346740722656, 'y': -22.589269638061523, 'z': 11.845898628234863}"
"{'x': -23.853517532348633, 'y': -22.584545135498047, 'z': 12.29071044921875}"
"{'x': -23.63610076904297, 'y': -22.619396209716797, 'z': 12.640419006347656}"
"{'x': -23.689781188964844, 'y': -22.748430252075195, 'z': 13.314241409301758}"
"{'x': -23.815898895263672, 'y': -22.72577667236328, 'z': 13.86954402923584}"
"{'x': -23.80426597595215, 'y': -22.577173233032227, 'z': 14.17259407043457}"
"{'x': -23.777385711669922, 'y': -22.56913948059082, 'z': 14.51283073425293}"
"{'x': -23.78826904296875, 'y': -22.591081619262695, 'z': 14.755441665649414}"
"{'x': -23.948631286621094, 'y': -22.54647445678711, 'z': 14.977566719055176}"
"{'x': -23.869487762451172, 'y': -22.491256713867188, 'z': 15.228307723999023}"
"{'x': -23.677167892456055, 'y': -22.340269088745117, 'z': 15.696195602416992}"
"{'x': -23.470355987548828, 'y': -22.220909118652344, 'z': 15.996058464050293}"
"{'x': -23.217443466186523, 'y': -22.181365966796875, 'z': 16.314159393310547}"
"{'x': -23.111276626586914, 'y': -22.074901580810547, 'z': 16.49738121032715}"
"{'x': -23.116374969482422, 'y': -21.840429306030273, 'z': 16.559904098510742}"
"{'x': -23.067317962646484, 'y': -21.58228302001953, 'z': 16.74770164489746}"
"{'x': -22.96471405029297, 'y': -21.6405086517334, 'z': 17.202632904052734}"
"{'x': -22.954383850097656, 'y': -21.789783477783203, 'z': 17.265878677368164}"
"{'x': -23.131820678710938, 'y': -21.58164405822754, 'z': 17.557571411132812}"
"{'x': -23.329519271850586, 'y': -21.334474563598633, 'z': 17.443931579589844}"
"{'x': -23.3925838470459, 'y': -21.03839683532715, 'z': 17.25514793395996}"
"{'x': -23.132295608520508, 'y': -21.148977279663086, 'z': 17.721389770507812}"
"{'x': -22.4398250579834, 'y': -21.08680534362793, 'z': 18.095197677612305}"
"{'x': -22.683650970458984, 'y': -21.002988815307617, 'z': 18.41227912902832}"
"{'x': -22.87263298034668, 'y': -20.98800277709961, 'z': 18.462427139282227}"
"{'x': -22.932891845703125, 'y': -20.60208511352539, 'z': 18.6464900970459}"
"{'x': -22.984607696533203, 'y': -20.536090850830078, 'z': 18.929121017456055}"
"{'x': -23.11174201965332, 'y': -20.538509368896484, 'z': 19.383872985839844}"
"{'x': -23.294584274291992, 'y': -20.2806339263916, 'z': 19.774198532104492}"
"{'x': -23.328798294067383, 'y': -20.403345108032227, 'z': 20.195627212524414}"
"{'x': -23.137516021728516, 'y': -20.349340438842773, 'z': 20.309011459350586}"
"{'x': -22.933382034301758, 'y': -20.228757858276367, 'z': 20.608901977539062}"
"{'x': -22.718059539794922, 'y': -20.156774520874023, 'z': 20.635141372680664}"
"{'x': -22.625062942504883, 'y': -20.163461685180664, 'z': 21.066741943359375}"
"{'x': -22.69071388244629, 'y': -20.053770065307617, 'z': 21.51862335205078}"
"{'x': -22.74781608581543, 'y': -19.817811965942383, 'z': 21.46637725830078}"
"{'x': -22.833768844604492, 'y': -19.701213836669922, 'z': 21.637216567993164}"
"{'x': -23.02988052368164, 'y': -19.692535400390625, 'z': 21.601930618286133}"
"{'x': -23.21755027770996, 'y': -19.451745986938477, 'z': 21.485530853271484}"
"{'x': -23.192556381225586, 'y': -19.346271514892578, 'z': 21.917158126831055}"
"{'x': -23.111501693725586, 'y': -19.362285614013672, 'z': 22.554977416992188}"
"{'x': -23.004703521728516, 'y': -19.333023071289062, 'z': 22.412866592407227}"
"{'x': -22.889665603637695, 'y': -19.158794403076172, 'z': 22.47614097595215}"
"{'x': -22.808612823486328, 'y': -18.97655487060547, 'z': 22.697723388671875}"
"{'x': -22.73921012878418, 'y': -18.87173843383789, 'z': 22.728391647338867}"
"{'x': -22.746002197265625, 'y': -18.962291717529297, 'z': 22.926910400390625}"
"{'x': -22.826860427856445, 'y': -18.87839126586914, 'z': 22.88187599182129}"
"{'x': -22.611310958862305, 'y': -19.0723934173584, 'z': 23.243335723876953}"
"{'x': -22.38021469116211, 'y': -19.057899475097656, 'z': 23.57494354248047}"
"{'x': -22.20473289489746, 'y': -18.81009292602539, 'z': 23.570032119750977}"
"{'x': -22.142292022705078, 'y': -18.580703735351562, 'z': 23.339693069458008}"
"{'x': -22.121789932250977, 'y': -18.321365356445312, 'z': 23.441898345947266}"
"{'x': -22.000732421875, 'y': -18.2445125579834, 'z': 23.87088966369629}"
"{'x': -22.066556930541992, 'y': -18.188220977783203, 'z': 24.126798629760742}"
"{'x': -22.195201873779297, 'y': -18.095264434814453, 'z': 24.849506378173828}"
"{'x': -22.030719757080078, 'y': -18.251325607299805, 'z': 24.923139572143555}"
"{'x': -21.97055435180664, 'y': -18.155683517456055, 'z': 24.98265838623047}"
"{'x': -21.862791061401367, 'y': -17.909833908081055, 'z': 25.281049728393555}"
"{'x': -21.863460540771484, 'y': -17.567930221557617, 'z': 25.788694381713867}"
"{'x': -21.7878360748291, 'y': -17.43025779724121, 'z': 26.0647029876709}"
"{'x': -21.70630645751953, 'y': -17.446670532226562, 'z': 25.9762020111084}"
"{'x': -21.582805633544922, 'y': -17.411226272583008, 'z': 25.913461685180664}"
"{'x': -21.505603790283203, 'y': -17.33037757873535, 'z': 26.067651748657227}"
"{'x': -21.612483978271484, 'y': -17.196090698242188, 'z': 26.316457748413086}"
"{'x': -21.686853408813477, 'y': -17.224538803100586, 'z': 26.06325912475586}"
"{'x': -21.694984436035156, 'y': -17.358562469482422, 'z': 26.062000274658203}"
"{'x': -21.705917358398438, 'y': -17.362045288085938, 'z': 26.251739501953125}"
"{'x': -21.615510940551758, 'y': -17.26860809326172, 'z': 26.659639358520508}"
"{'x': -21.590560913085938, 'y': -17.102331161499023, 'z': 26.887340545654297}"
"{'x': -21.625822067260742, 'y': -16.889982223510742, 'z': 27.192256927490234}"
"{'x': -21.63583755493164, 'y': -16.71444320678711, 'z': 27.604589462280273}"
"{'x': -21.73056411743164, 'y': -16.580228805541992, 'z': 27.99234962463379}"
"{'x': -21.864952087402344, 'y': -16.370357513427734, 'z': 27.960411071777344}"
"{'x': -21.90396499633789, 'y': -16.461566925048828, 'z': 27.959375381469727}"
"{'x': -21.744077682495117, 'y': -16.487058639526367, 'z': 28.007389068603516}"
"{'x': -21.713764190673828, 'y': -16.4569091796875, 'z': 28.252824783325195}"
"{'x': -21.7873477935791, 'y': -16.58184051513672, 'z': 28.30572509765625}"
"{'x': -21.6889705657959, 'y': -16.66681480407715, 'z': 28.2603759765625}"
"{'x': -21.464820861816406, 'y': -16.573436737060547, 'z': 28.386926651000977}"
"{'x': -21.37156867980957, 'y': -16.452234268188477, 'z': 28.88736915588379}"
"{'x': -21.392017364501953, 'y': -16.150789260864258, 'z': 29.26504135131836}"
"{'x': -21.213348388671875, 'y': -16.048097610473633, 'z': 29.353723526000977}"
"{'x': -21.083921432495117, 'y': -15.984450340270996, 'z': 29.339031219482422}"
"{'x': -21.090179443359375, 'y': -15.929927825927734, 'z': 29.386255264282227}"
"{'x': -21.08748435974121, 'y': -15.764867782592773, 'z': 29.704862594604492}"
"{'x': -21.094764709472656, 'y': -15.686541557312012, 'z': 30.092615127563477}"
"{'x': -21.389326095581055, 'y': -15.64908218383789, 'z': 30.081161499023438}"
"{'x': -21.3690185546875, 'y': -15.498441696166992, 'z': 30.182931900024414}"
"{'x': -21.36484718322754, 'y': -15.239460945129395, 'z': 30.159656524658203}"
"{'x': -21.39896011352539, 'y': -15.016690254211426, 'z': 30.051382064819336}"
"{'x': -21.25828742980957, 'y': -14.923103332519531, 'z': 30.158811569213867}"
"{'x': -21.078638076782227, 'y': -14.827990531921387, 'z': 30.399154663085938}"
"{'x': -20.98395347595215, 'y': -14.851149559020996, 'z': 30.829166412353516}"
"{'x': -21.060148239135742, 'y': -14.79089069366455, 'z': 31.19266128540039}"
"{'x': -21.027875900268555, 'y': -14.779486656188965, 'z': 31.252105712890625}"
"{'x': -20.966676712036133, 'y': -14.623600006103516, 'z': 31.37337875366211}"
"{'x': -20.924068450927734, 'y': -14.492557525634766, 'z': 31.38568687438965}"
"{'x': -20.81009292602539, 'y': -14.381479263305664, 'z': 31.498456954956055}"
"{'x': -20.752994537353516, 'y': -14.326830863952637, 'z': 31.886140823364258}"
"{'x': -20.782052993774414, 'y': -14.389121055603027, 'z': 32.15546417236328}"
"{'x': -20.725521087646484, 'y': -14.403393745422363, 'z': 32.2985725402832}"
"{'x': -20.58612823486328, 'y': -14.24715805053711, 'z': 32.329833984375}"
"{'x': -20.620513916015625, 'y': -14.012809753417969, 'z': 32.508628845214844}"
"{'x': -20.49282455444336, 'y': -14.024991035461426, 'z': 32.8162727355957}"
"{'x': -20.40537452697754, 'y': -13.903998374938965, 'z': 33.23986053466797}"
"{'x': -20.527973175048828, 'y': -13.805665969848633, 'z': 33.09025573730469}"
"{'x': -20.70185089111328, 'y': -13.662498474121094, 'z': 33.218624114990234}"
"{'x': -20.724407196044922, 'y': -13.58383560180664, 'z': 33.616268157958984}"
"{'x': -20.69569206237793, 'y': -13.619009971618652, 'z': 33.73149490356445}"
"{'x': -20.676042556762695, 'y': -13.503527641296387, 'z': 33.94939041137695}"
"{'x': -20.602434158325195, 'y': -13.410406112670898, 'z': 34.482398986816406}"
"{'x': -20.573772430419922, 'y': -13.335341453552246, 'z': 34.66108322143555}"
"{'x': -20.542736053466797, 'y': -13.090639114379883, 'z': 34.62446975708008}"
"{'x': -20.421415328979492, 'y': -13.227961540222168, 'z': 34.42961502075195}"
"{'x': -20.38283920288086, 'y': -13.162064552307129, 'z': 34.84912109375}"
"{'x': -20.380474090576172, 'y': -13.008346557617188, 'z': 35.03188705444336}"
"{'x': -20.230003356933594, 'y': -13.10194206237793, 'z': 34.754066467285156}"
"{'x': -20.24786949157715, 'y': -12.97607421875, 'z': 34.503597259521484}"
"{'x': -20.3691463470459, 'y': -12.681658744812012, 'z': 34.49946975708008}"
"{'x': -20.359813690185547, 'y': -12.399392127990723, 'z': 34.59342956542969}"
"{'x': -20.37447166442871, 'y': -12.349305152893066, 'z': 34.42576217651367}"
"{'x': -20.400510787963867, 'y': -12.455805778503418, 'z': 34.65835952758789}"
"{'x': -20.238847732543945, 'y': -12.604491233825684, 'z': 35.01462173461914}"
"{'x': -20.15084457397461, 'y': -12.59803295135498, 'z': 34.970638275146484}"
"{'x': -20.02604103088379, 'y': -12.416690826416016, 'z': 35.1160888671875}"
"{'x': -19.99549102783203, 'y': -12.311073303222656, 'z': 34.59081268310547}"
"{'x': -19.884735107421875, 'y': -12.159151077270508, 'z': 34.66039276123047}"
"{'x': -19.888973236083984, 'y': -12.064432144165039, 'z': 35.170066833496094}"
"{'x': -19.914512634277344, 'y': -11.995739936828613, 'z': 35.67655563354492}"
"{'x': -19.827116012573242, 'y': -11.920886039733887, 'z': 36.04887390136719}"
"{'x': -19.981494903564453, 'y': -11.835185050964355, 'z': 36.18216323852539}"
"{'x': -20.134944915771484, 'y': -11.812224388122559, 'z': 36.287384033203125}"
"{'x': -19.999366760253906, 'y': -11.720802307128906, 'z': 36.41999053955078}"
"{'x': -19.877548217773438, 'y': -11.620128631591797, 'z': 36.57388687133789}"
"{'x': -19.133136749267578, 'y': -11.668926239013672, 'z': 36.70392990112305}"
"{'x': -19.171920776367188, 'y': -11.50110149383545, 'z': 36.872528076171875}"
"{'x': -19.17499542236328, 'y': -11.45053768157959, 'z': 37.158199310302734}"
"{'x': -19.20928192138672, 'y': -11.409077644348145, 'z': 37.36180877685547}"
"{'x': -19.355310440063477, 'y': -11.382109642028809, 'z': 37.686405181884766}"
"{'x': -19.618547439575195, 'y': -11.105620384216309, 'z': 37.944271087646484}"
"{'x': -19.752775192260742, 'y': -10.701684951782227, 'z': 37.97087478637695}"
"{'x': -19.762229919433594, 'y': -10.460536003112793, 'z': 37.85386657714844}"
"{'x': -19.827646255493164, 'y': -10.39658260345459, 'z': 37.77383041381836}"
"{'x': -19.85826301574707, 'y': -10.229543685913086, 'z': 37.838905334472656}"
"{'x': -19.764413833618164, 'y': -10.13636589050293, 'z': 38.05051803588867}"
"{'x': -19.762046813964844, 'y': -10.153280258178711, 'z': 38.26114273071289}"
"{'x': -19.67969512939453, 'y': -9.9224853515625, 'z': 38.23939514160156}"
"{'x': -19.345537185668945, 'y': -9.75946044921875, 'z': 38.30181121826172}"
"{'x': -19.150806427001953, 'y': -9.634285926818848, 'z': 38.75056457519531}"
"{'x': -19.219520568847656, 'y': -9.549123764038086, 'z': 38.91203689575195}"
"{'x': -19.333173751831055, 'y': -9.556670188903809, 'z': 38.8940315246582}"
"{'x': -19.456438064575195, 'y': -9.546225547790527, 'z': 38.76605987548828}"
"{'x': -19.293212890625, 'y': -9.668339729309082, 'z': 38.39449691772461}"
"{'x': -19.198583602905273, 'y': -9.593120574951172, 'z': 38.288211822509766}"
"{'x': -19.182220458984375, 'y': -9.312965393066406, 'z': 38.44105911254883}"
"{'x': -19.26287841796875, 'y': -9.309247970581055, 'z': 38.5513801574707}"
"{'x': -18.979890823364258, 'y': -9.437642097473145, 'z': 38.84653854370117}"
"{'x': -18.934507369995117, 'y': -9.366175651550293, 'z': 39.01510238647461}"
"{'x': -18.90488052368164, 'y': -9.225852012634277, 'z': 39.043907165527344}"
"{'x': -18.78050422668457, 'y': -9.050193786621094, 'z': 39.072757720947266}"
"{'x': -18.731021881103516, 'y': -8.825396537780762, 'z': 39.3203010559082}"
"{'x': -18.746606826782227, 'y': -8.55268383026123, 'z': 39.25440979003906}"
"{'x': -18.76294708251953, 'y': -8.465570449829102, 'z': 39.54999923706055}"
"{'x': -18.86726951599121, 'y': -8.53292465209961, 'z': 39.93562316894531}"
"{'x': -18.871944427490234, 'y': -8.3455228805542, 'z': 39.85041809082031}"
"{'x': -18.7126522064209, 'y': -8.223045349121094, 'z': 39.781734466552734}"
"{'x': -18.70452308654785, 'y': -7.962043285369873, 'z': 39.697471618652344}"
"{'x': -18.74940299987793, 'y': -7.7983574867248535, 'z': 39.623504638671875}"
"{'x': -18.854154586791992, 'y': -7.614741802215576, 'z': 39.66880416870117}"
"{'x': -19.038572311401367, 'y': -7.465212345123291, 'z': 39.74835968017578}"
"{'x': -19.051233291625977, 'y': -7.314477920532227, 'z': 39.659210205078125}"
"{'x': -18.84248161315918, 'y': -7.260405540466309, 'z': 39.70595932006836}"
"{'x': -18.705612182617188, 'y': -7.307245254516602, 'z': 39.867698669433594}"
"{'x': -18.904373168945312, 'y': -7.186908721923828, 'z': 40.089935302734375}"
"{'x': -19.126562118530273, 'y': -7.006948947906494, 'z': 40.44379425048828}"
"{'x': -18.909788131713867, 'y': -6.895841598510742, 'z': 40.66984176635742}"
"{'x': -18.844362258911133, 'y': -6.896589279174805, 'z': 40.306251525878906}"
"{'x': -18.678056716918945, 'y': -6.842652797698975, 'z': 40.123294830322266}"
"{'x': -18.62394142150879, 'y': -6.711544513702393, 'z': 40.47509765625}"
"{'x': -18.594127655029297, 'y': -6.3421807289123535, 'z': 40.577178955078125}"
"{'x': -18.544719696044922, 'y': -6.243115425109863, 'z': 40.95319747924805}"
"{'x': -18.601781845092773, 'y': -6.057230472564697, 'z': 40.92508316040039}"
"{'x': -18.518693923950195, 'y': -5.941486835479736, 'z': 41.017242431640625}"
"{'x': -18.5366153717041, 'y': -5.807177543640137, 'z': 41.03108215332031}"
"{'x': -18.692115783691406, 'y': -5.567712306976318, 'z': 40.76270294189453}"
"{'x': -18.71988868713379, 'y': -5.4222822189331055, 'z': 40.62910079956055}"
"{'x': -18.60725212097168, 'y': -5.33951997756958, 'z': 40.74120330810547}"
"{'x': -18.544692993164062, 'y': -5.066812992095947, 'z': 40.87667465209961}"
"{'x': -18.516250610351562, 'y': -4.701148986816406, 'z': 40.6825065612793}"
"{'x': -18.425981521606445, 'y': -4.6045098304748535, 'z': 40.77640151977539}"
"{'x': -18.52289581298828, 'y': -4.4755988121032715, 'z': 40.88622283935547}"
"{'x': -18.648225784301758, 'y': -4.191435813903809, 'z': 40.830055236816406}"
"{'x': -18.54030418395996, 'y': -4.055687427520752, 'z': 40.88974380493164}"
"{'x': -18.63451385498047, 'y': -4.015501022338867, 'z': 41.07040786743164}"
"{'x': -18.758005142211914, 'y': -3.9454586505889893, 'z': 41.174072265625}"
"{'x': -18.620012283325195, 'y': -3.8225584030151367, 'z': 40.91037368774414}"
"{'x': -18.43994140625, 'y': -3.5259146690368652, 'z': 41.052364349365234}"
"{'x': -18.256282806396484, 'y': -3.4069626331329346, 'z': 40.957210540771484}"
"{'x': -18.16914176940918, 'y': -3.2472031116485596, 'z': 41.16154861450195}"
"{'x': -18.20050621032715, 'y': -2.9046006202697754, 'z': 41.48691177368164}"
"{'x': -18.352214813232422, 'y': -2.670797348022461, 'z': 41.537113189697266}"
"{'x': -18.426746368408203, 'y': -2.59299635887146, 'z': 41.330772399902344}"
"{'x': -18.373918533325195, 'y': -2.587437152862549, 'z': 41.26310348510742}"
"{'x': -18.283905029296875, 'y': -2.3138322830200195, 'z': 41.413272857666016}"
"{'x': -18.302528381347656, 'y': -1.9700071811676025, 'z': 41.362754821777344}"
"{'x': -18.322067260742188, 'y': -2.1487863063812256, 'z': 41.07732391357422}"
"{'x': -18.33540153503418, 'y': -1.9351065158843994, 'z': 40.917442321777344}"
"{'x': -18.517269134521484, 'y': -1.8661384582519531, 'z': 40.9322509765625}"
"{'x': -18.529727935791016, 'y': -1.2815462350845337, 'z': 41.23729705810547}"
"{'x': -18.56397819519043, 'y': -0.7250769138336182, 'z': 41.13092803955078}"
"{'x': -18.6004695892334, 'y': -0.8306160569190979, 'z': 41.023109436035156}"
"{'x': -18.56187629699707, 'y': -0.8638622164726257, 'z': 41.0494384765625}"
"{'x': -18.448713302612305, 'y': -0.7159926295280457, 'z': 40.67181396484375}"
"{'x': -18.423505783081055, 'y': -0.4685991108417511, 'z': 40.58222198486328}"
"{'x': -18.35349464416504, 'y': -0.3715610206127167, 'z': 40.7414665222168}"
"{'x': -18.40616226196289, 'y': -0.32357481122016907, 'z': 40.433746337890625}"
"{'x': -18.361438751220703, 'y': -0.2166481465101242, 'z': 40.84683609008789}"
"{'x': -18.295289993286133, 'y': -0.06466307491064072, 'z': 40.69221496582031}"
"{'x': -18.265758514404297, 'y': 0.10730808228254318, 'z': 40.585689544677734}"
"{'x': -18.292743682861328, 'y': 0.32701757550239563, 'z': 40.55833435058594}"
"{'x': -18.405284881591797, 'y': 0.5090794563293457, 'z': 40.64944076538086}"
"{'x': -18.42618179321289, 'y': 0.515984296798706, 'z': 40.77131271362305}"
"{'x': -18.241119384765625, 'y': 0.5278205275535583, 'z': 40.855777740478516}"
"{'x': -18.359758377075195, 'y': 1.2472753524780273, 'z': 40.88167953491211}"
"{'x': -18.445331573486328, 'y': 1.292494535446167, 'z': 41.02825927734375}"
"{'x': -18.158193588256836, 'y': 1.3232128620147705, 'z': 40.92330551147461}"
"{'x': -18.038888931274414, 'y': 1.4731266498565674, 'z': 40.719478607177734}"
"{'x': -18.0996150970459, 'y': 1.7777048349380493, 'z': 40.336238861083984}"
"{'x': -18.230144500732422, 'y': 2.1131484508514404, 'z': 40.17684555053711}"
"{'x': -18.362857818603516, 'y': 2.4008073806762695, 'z': 40.18463134765625}"
"{'x': -18.326444625854492, 'y': 2.6157279014587402, 'z': 39.680694580078125}"
"{'x': -18.321348190307617, 'y': 2.7884509563446045, 'z': 39.48388671875}"
"{'x': -18.046483993530273, 'y': 2.991957664489746, 'z': 39.607948303222656}"
"{'x': -18.092248916625977, 'y': 3.1803619861602783, 'z': 39.692054748535156}"
"{'x': -18.14790153503418, 'y': 3.3982017040252686, 'z': 39.845367431640625}"
"{'x': -18.190547943115234, 'y': 3.681288480758667, 'z': 39.652931213378906}"
"{'x': -18.164400100708008, 'y': 3.6697535514831543, 'z': 39.65155792236328}"
"{'x': -18.31003761291504, 'y': 3.8156533241271973, 'z': 39.58005905151367}"
"{'x': -18.268835067749023, 'y': 3.9496028423309326, 'z': 39.614559173583984}"
"{'x': -18.11076545715332, 'y': 3.872427463531494, 'z': 39.67787551879883}"
"{'x': -18.030290603637695, 'y': 3.831043243408203, 'z': 39.8986930847168}"
"{'x': -17.92002296447754, 'y': 4.130959510803223, 'z': 39.20061492919922}"
"{'x': -17.834007263183594, 'y': 4.262713432312012, 'z': 38.92073059082031}"
"{'x': -17.80001449584961, 'y': 4.376486778259277, 'z': 38.66059494018555}"
"{'x': -17.820602416992188, 'y': 4.3583083152771, 'z': 38.58032989501953}"
"{'x': -17.91704559326172, 'y': 4.494977951049805, 'z': 38.53495788574219}"
"{'x': -17.98057746887207, 'y': 4.72126579284668, 'z': 38.4900016784668}"
"{'x': -17.855133056640625, 'y': 5.105535984039307, 'z': 38.56037521362305}"
"{'x': -17.879547119140625, 'y': 4.942410469055176, 'z': 38.54634475708008}"
"{'x': -17.945947647094727, 'y': 5.16204309463501, 'z': 38.41300964355469}"
"{'x': -17.939617156982422, 'y': 5.433600902557373, 'z': 38.08222579956055}"
"{'x': -17.91819953918457, 'y': 5.409928321838379, 'z': 37.880828857421875}"
"{'x': -17.885269165039062, 'y': 5.474977493286133, 'z': 37.59464645385742}"
"{'x': -17.76846694946289, 'y': 5.606280326843262, 'z': 37.384681701660156}"
"{'x': -17.607093811035156, 'y': 5.843672275543213, 'z': 37.025856018066406}"
"{'x': -17.750896453857422, 'y': 6.1493635177612305, 'z': 37.06910705566406}"
"{'x': -17.56477165222168, 'y': 6.187910079956055, 'z': 36.81405258178711}"
"{'x': -17.41604232788086, 'y': 6.293588638305664, 'z': 36.78289031982422}"
"{'x': -17.344890594482422, 'y': 6.500767707824707, 'z': 36.5096321105957}"
"{'x': -17.201770782470703, 'y': 6.505633354187012, 'z': 36.384891510009766}"
"{'x': -17.289077758789062, 'y': 6.573782920837402, 'z': 36.04216003417969}"
"{'x': -17.275569915771484, 'y': 6.659881114959717, 'z': 35.71009063720703}"
"{'x': -17.298574447631836, 'y': 6.850194454193115, 'z': 35.524864196777344}"
"{'x': -17.27762794494629, 'y': 7.227907180786133, 'z': 35.145198822021484}"
"{'x': -17.201492309570312, 'y': 7.509981632232666, 'z': 35.11936950683594}"
"{'x': -17.21770477294922, 'y': 7.642868995666504, 'z': 35.18731689453125}"
"{'x': -17.277009963989258, 'y': 7.801220893859863, 'z': 35.06694030761719}"
"{'x': -17.316720962524414, 'y': 7.895162105560303, 'z': 34.80693435668945}"
"{'x': -17.352771759033203, 'y': 7.955474853515625, 'z': 34.58700180053711}"
"{'x': -17.274269104003906, 'y': 7.9887495040893555, 'z': 34.488765716552734}"
"{'x': -17.047758102416992, 'y': 8.043011665344238, 'z': 34.51514434814453}"
"{'x': -16.919233322143555, 'y': 8.064189910888672, 'z': 34.25267028808594}"
"{'x': -16.893444061279297, 'y': 8.294306755065918, 'z': 34.18840789794922}"
"{'x': -16.97504997253418, 'y': 8.442453384399414, 'z': 33.96187973022461}"
"{'x': -16.886978149414062, 'y': 8.522801399230957, 'z': 33.845123291015625}"
"{'x': -16.906126022338867, 'y': 8.787886619567871, 'z': 33.77023696899414}"
"{'x': -16.929101943969727, 'y': 9.057501792907715, 'z': 32.999210357666016}"
"{'x': -17.09197235107422, 'y': 9.108033180236816, 'z': 32.487022399902344}"
"{'x': -17.2557373046875, 'y': 9.238384246826172, 'z': 32.29661178588867}"
"{'x': -17.41811180114746, 'y': 9.581317901611328, 'z': 32.1425666809082}"
"{'x': -17.422130584716797, 'y': 9.848037719726562, 'z': 32.27585220336914}"
"{'x': -17.191009521484375, 'y': 10.034412384033203, 'z': 32.10275650024414}"
"{'x': -17.119752883911133, 'y': 10.085962295532227, 'z': 31.516258239746094}"
"{'x': -17.248027801513672, 'y': 10.03459358215332, 'z': 31.203048706054688}"
"{'x': -17.176250457763672, 'y': 10.066816329956055, 'z': 31.2229061126709}"
"{'x': -17.13031578063965, 'y': 10.282539367675781, 'z': 30.999711990356445}"
"{'x': -16.98758888244629, 'y': 10.517977714538574, 'z': 31.190954208374023}"
"{'x': -16.947628021240234, 'y': 10.602407455444336, 'z': 31.17566680908203}"
"{'x': -16.934078216552734, 'y': 10.523530006408691, 'z': 30.942346572875977}"
"{'x': -16.93899917602539, 'y': 10.536014556884766, 'z': 30.8463191986084}"
"{'x': -17.05107879638672, 'y': 10.768523216247559, 'z': 30.784963607788086}"
