"{'roll': 229.12936810602696, 'pitch': 301.2643687985548, 'yaw': 28.93565928665214}"
"{'roll': 229.11738795422275, 'pitch': 301.54873006426993, 'yaw': 29.512093101655363}"
"{'roll': 227.6302235454792, 'pitch': 301.56151617839623, 'yaw': 31.258210472401615}"
"{'roll': 227.1367150571891, 'pitch': 302.2527313224015, 'yaw': 32.43662300990391}"
"{'roll': 227.09809716762186, 'pitch': 302.19056294057606, 'yaw': 32.953248273439925}"
"{'roll': 226.0835545286865, 'pitch': 302.31291211917846, 'yaw': 34.128471112599826}"
"{'roll': 224.94523520161218, 'pitch': 302.891145689028, 'yaw': 35.39995180773272}"
"{'roll': 224.3256277608653, 'pitch': 303.5181399793622, 'yaw': 36.281391135217454}"
"{'roll': 223.95364199828805, 'pitch': 303.29692381252386, 'yaw': 36.975280298282804}"
"{'roll': 225.19244706843162, 'pitch': 303.39990598973475, 'yaw': 36.68847040975021}"
"{'roll': 222.85516999483158, 'pitch': 303.46199240929013, 'yaw': 38.3226307347162}"
"{'roll': 222.50764996986135, 'pitch': 303.2610823948542, 'yaw': 39.28272652068279}"
"{'roll': 222.1410600567284, 'pitch': 303.4489843140159, 'yaw': 39.73509336450732}"
"{'roll': 221.55291246729863, 'pitch': 303.79291507457725, 'yaw': 40.53832702599541}"
"{'roll': 220.83622071768917, 'pitch': 304.11949373955224, 'yaw': 41.8231095145369}"
"{'roll': 219.45833933566584, 'pitch': 304.56770782836145, 'yaw': 44.082921997665224}"
"{'roll': 218.51227617334902, 'pitch': 304.6332366632585, 'yaw': 45.34298603160045}"
"{'roll': 218.56074319569944, 'pitch': 304.6760926852058, 'yaw': 45.68855945265724}"
"{'roll': 217.86559386273223, 'pitch': 304.8963013991416, 'yaw': 45.87831918327312}"
"{'roll': 218.0125795336709, 'pitch': 305.00154095387313, 'yaw': 45.92820346987631}"
"{'roll': 218.11795569218586, 'pitch': 305.5445512381729, 'yaw': 46.789879644997605}"
"{'roll': 218.59807700970273, 'pitch': 305.11316332038405, 'yaw': 46.98605633833871}"
"{'roll': 219.42151095566112, 'pitch': 304.47461576506873, 'yaw': 46.8318818932986}"
"{'roll': 220.80294403605288, 'pitch': 303.9074778375259, 'yaw': 46.568280987565714}"
"{'roll': 219.58445194850094, 'pitch': 303.73894291975586, 'yaw': 47.99069861807213}"
"{'roll': 220.00566971461564, 'pitch': 303.2652863762884, 'yaw': 48.460236557470076}"
"{'roll': 221.59262318713309, 'pitch': 303.58806062589565, 'yaw': 48.40743919518587}"
"{'roll': 220.74386289973228, 'pitch': 304.1078277764499, 'yaw': 49.84867399685568}"
"{'roll': 220.26909645052467, 'pitch': 304.16484619564113, 'yaw': 50.99862513608654}"
"{'roll': 220.6164662113332, 'pitch': 304.5869621316317, 'yaw': 51.901299521700835}"
"{'roll': 218.94057001544385, 'pitch': 304.88280153024704, 'yaw': 53.768348806796745}"
"{'roll': 217.75088766581104, 'pitch': 305.00424229368986, 'yaw': 55.46735153264825}"
"{'roll': 219.87029536526597, 'pitch': 304.37509649376705, 'yaw': 54.194996573301594}"
"{'roll': 220.95512065076076, 'pitch': 303.8287120960173, 'yaw': 53.90855893007877}"
"{'roll': 221.6429753416944, 'pitch': 303.36346693051274, 'yaw': 54.2938703917267}"
"{'roll': 221.69722070408264, 'pitch': 302.9702666003734, 'yaw': 54.91326951170389}"
"{'roll': 222.37575901698838, 'pitch': 302.1917582236808, 'yaw': 55.398878886218874}"
"{'roll': 222.354530789048, 'pitch': 301.955379036885, 'yaw': 56.42607786568626}"
"{'roll': 220.57812152933275, 'pitch': 302.76085300042087, 'yaw': 58.827483585403535}"
"{'roll': 218.84856736732377, 'pitch': 303.12687942294724, 'yaw': 61.585957934550734}"
"{'roll': 218.04703100784442, 'pitch': 303.6727481414147, 'yaw': 63.027387396611886}"
"{'roll': 218.93134926006434, 'pitch': 303.3254740032545, 'yaw': 63.915940366117184}"
"{'roll': 217.9021490351701, 'pitch': 303.45142610664413, 'yaw': 65.87766631839322}"
"{'roll': 218.80227234512944, 'pitch': 303.11829387516053, 'yaw': 66.07031180393344}"
"{'roll': 218.80977189283809, 'pitch': 303.3643787607669, 'yaw': 67.11278308638497}"
"{'roll': 218.24813909776628, 'pitch': 303.1035816476883, 'yaw': 68.62439957235718}"
"{'roll': 218.508137078712, 'pitch': 303.36103196807363, 'yaw': 69.99007540633372}"
"{'roll': 218.8002096280001, 'pitch': 302.9031497464943, 'yaw': 70.7729448588114}"
"{'roll': 218.83849966848717, 'pitch': 303.1784610115592, 'yaw': 71.25566847840206}"
"{'roll': 219.20361426075937, 'pitch': 302.80325481478826, 'yaw': 71.40093977185906}"
"{'roll': 218.07381900976924, 'pitch': 302.8200195141061, 'yaw': 73.13903167033054}"
"{'roll': 217.74232260859182, 'pitch': 302.709797336375, 'yaw': 74.19450080277261}"
"{'roll': 216.34045360220338, 'pitch': 302.76075054758326, 'yaw': 76.20110109789563}"
"{'roll': 217.09487531678798, 'pitch': 302.78727217213043, 'yaw': 76.95462122750979}"
"{'roll': 217.97631122917812, 'pitch': 302.3360869510323, 'yaw': 76.7583489115203}"
"{'roll': 218.7894725706248, 'pitch': 302.63290648179355, 'yaw': 77.17891097947467}"
"{'roll': 218.31340838547493, 'pitch': 302.7746841334901, 'yaw': 78.89466815936021}"
"{'roll': 218.14565893945942, 'pitch': 303.1821254080489, 'yaw': 79.95099106544853}"
"{'roll': 218.49470892680375, 'pitch': 302.9876221110544, 'yaw': 80.84234441251353}"
"{'roll': 217.25199698845495, 'pitch': 303.18903072929976, 'yaw': 82.31873761293598}"
"{'roll': 217.27718672611397, 'pitch': 302.64136908617525, 'yaw': 83.15262174832449}"
"{'roll': 218.31922770664778, 'pitch': 302.4927031887007, 'yaw': 83.6683146910388}"
"{'roll': 217.678733547419, 'pitch': 302.5620432691547, 'yaw': 84.97667157750058}"
"{'roll': 217.94934564233492, 'pitch': 302.796212889754, 'yaw': 86.33648027898009}"
"{'roll': 219.5492081723837, 'pitch': 302.50143217046, 'yaw': 86.75827178098505}"
"{'roll': 219.66967904896435, 'pitch': 302.28591238138944, 'yaw': 86.98846281639283}"
"{'roll': 219.3686999329986, 'pitch': 302.97034514754887, 'yaw': 88.35025227273162}"
"{'roll': 220.0810886634309, 'pitch': 302.6917758822499, 'yaw': 89.00769896148037}"
"{'roll': 220.28613094231468, 'pitch': 303.0654316260792, 'yaw': 89.82467154848393}"
"{'roll': 220.40600076224842, 'pitch': 303.09278311861055, 'yaw': 89.97738091794709}"
"{'roll': 220.72218387930664, 'pitch': 303.17124833179565, 'yaw': 90.14241194867293}"
"{'roll': 220.71356418057408, 'pitch': 302.6573380684547, 'yaw': 90.81432497808376}"
"{'roll': 221.46357359295484, 'pitch': 302.333703215012, 'yaw': 90.74916497340185}"
"{'roll': 221.83340101575436, 'pitch': 302.18794697812393, 'yaw': 90.8201921105808}"
"{'roll': 222.0471312952624, 'pitch': 301.675081733726, 'yaw': 91.5273489161089}"
"{'roll': 222.7840130840584, 'pitch': 301.3133754058496, 'yaw': 92.16967356603524}"
"{'roll': 223.66344092083256, 'pitch': 301.2779813655706, 'yaw': 92.6890684712797}"
"{'roll': 223.13985227943772, 'pitch': 301.34784737059067, 'yaw': 94.06185453218222}"
"{'roll': 223.8141285543014, 'pitch': 301.2222128709975, 'yaw': 93.97261128048683}"
"{'roll': 225.17705182204242, 'pitch': 301.1598805646319, 'yaw': 93.35809233067161}"
"{'roll': 225.80325722552752, 'pitch': 301.29332197044647, 'yaw': 93.53011064491838}"
"{'roll': 226.0776532452436, 'pitch': 300.881031261577, 'yaw': 94.48745727974405}"
"{'roll': 226.6078808305117, 'pitch': 300.879706204878, 'yaw': 94.3283958343528}"
"{'roll': 227.59272580693585, 'pitch': 300.91479971683356, 'yaw': 94.39994206590868}"
"{'roll': 226.57718596038166, 'pitch': 301.05665591570556, 'yaw': 96.14765087073154}"
"{'roll': 226.46487032966996, 'pitch': 300.9604390408676, 'yaw': 96.10962720762208}"
"{'roll': 226.31505696041492, 'pitch': 301.0880952764551, 'yaw': 96.17817498613233}"
"{'roll': 225.460668597138, 'pitch': 301.5786667834021, 'yaw': 97.4395265107261}"
"{'roll': 226.48769682187614, 'pitch': 301.20666736044654, 'yaw': 97.14012516845858}"
"{'roll': 226.77493359723186, 'pitch': 301.38061178803923, 'yaw': 97.56378814229613}"
"{'roll': 226.46510255610175, 'pitch': 301.7406105686231, 'yaw': 98.48267398190546}"
"{'roll': 225.36671251491532, 'pitch': 301.3373630302147, 'yaw': 100.41690159258303}"
"{'roll': 223.83479670672983, 'pitch': 301.417843149205, 'yaw': 101.63681435948233}"
"{'roll': 225.6734563105406, 'pitch': 301.3776816368853, 'yaw': 100.32973471839533}"
"{'roll': 225.2260925802831, 'pitch': 301.111714070605, 'yaw': 101.38818864350469}"
"{'roll': 226.77870386165372, 'pitch': 300.23381619620494, 'yaw': 100.68454938539915}"
"{'roll': 226.07374637703836, 'pitch': 300.3351420525421, 'yaw': 102.4708897401676}"
"{'roll': 224.92127489800376, 'pitch': 300.38705832042336, 'yaw': 103.64605110762498}"
"{'roll': 226.47925470806203, 'pitch': 299.6124465666522, 'yaw': 103.51909155133278}"
"{'roll': 226.01913218443494, 'pitch': 299.39437228683204, 'yaw': 103.65446590068244}"
"{'roll': 227.14872252975, 'pitch': 299.6898872514618, 'yaw': 103.42539501629855}"
"{'roll': 228.7775450618796, 'pitch': 299.59240679162735, 'yaw': 103.19197330141337}"
"{'roll': 228.4104223939914, 'pitch': 299.775066540601, 'yaw': 104.07702921406361}"
"{'roll': 228.75463660740337, 'pitch': 299.55444460022045, 'yaw': 103.54547657209655}"
"{'roll': 227.6173281483262, 'pitch': 299.683425892507, 'yaw': 105.0294990938219}"
"{'roll': 225.6281721563434, 'pitch': 299.47105482064376, 'yaw': 106.63796766222488}"
"{'roll': 226.22746661449867, 'pitch': 299.44365893188285, 'yaw': 105.96324742506516}"
"{'roll': 225.76235805277747, 'pitch': 299.15524053380074, 'yaw': 107.32412846624436}"
"{'roll': 225.47177448472846, 'pitch': 299.3745988891848, 'yaw': 108.71041098094683}"
"{'roll': 225.20535612596294, 'pitch': 299.4104368917599, 'yaw': 109.34506532843524}"
"{'roll': 225.17406019918593, 'pitch': 299.3340002447583, 'yaw': 109.885845555971}"
"{'roll': 223.80960696907084, 'pitch': 300.39055537727836, 'yaw': 110.94922404747194}"
"{'roll': 224.2426682832063, 'pitch': 300.862671713088, 'yaw': 111.13124175866362}"
"{'roll': 224.8912903675474, 'pitch': 301.07132716204273, 'yaw': 111.07674367927608}"
"{'roll': 225.92467066821365, 'pitch': 301.03553697079184, 'yaw': 110.84701026654271}"
"{'roll': 224.96243361794225, 'pitch': 300.60281716611485, 'yaw': 111.12398126757589}"
"{'roll': 226.99680546223055, 'pitch': 299.66184249472974, 'yaw': 110.26819954570831}"
"{'roll': 226.57646196032962, 'pitch': 299.95682470460423, 'yaw': 111.03983333700134}"
"{'roll': 227.3149010322564, 'pitch': 300.2834306903359, 'yaw': 110.53993862183727}"
"{'roll': 228.05163255689064, 'pitch': 299.87484194399656, 'yaw': 110.12631602607964}"
"{'roll': 228.05831248189892, 'pitch': 299.90689602177144, 'yaw': 110.67674048072345}"
"{'roll': 227.22940072422617, 'pitch': 299.8238750724099, 'yaw': 111.01839337319666}"
"{'roll': 227.75447834686008, 'pitch': 300.39142964149215, 'yaw': 111.52511827753074}"
"{'roll': 227.56962610716286, 'pitch': 300.6688377746322, 'yaw': 111.69594130867276}"
"{'roll': 227.37297130057985, 'pitch': 300.87524609135, 'yaw': 112.0258804267194}"
"{'roll': 227.46765138285457, 'pitch': 300.84797314599416, 'yaw': 112.32716690119783}"
"{'roll': 226.34359349076723, 'pitch': 301.2283668714397, 'yaw': 113.80524715834527}"
"{'roll': 225.7292316353029, 'pitch': 300.8796583935538, 'yaw': 115.13002381957178}"
"{'roll': 225.46988935251753, 'pitch': 300.8561762031873, 'yaw': 115.83895647428407}"
"{'roll': 223.81630055445746, 'pitch': 300.7366000813879, 'yaw': 117.21480245993476}"
"{'roll': 224.67553835204504, 'pitch': 300.8402003907187, 'yaw': 117.04044139080268}"
"{'roll': 224.61806914036856, 'pitch': 300.92169820789525, 'yaw': 117.25107076442752}"
"{'roll': 224.03937453275006, 'pitch': 301.0603168971007, 'yaw': 118.12545792159422}"
"{'roll': 223.4112703366757, 'pitch': 301.24458857071846, 'yaw': 118.85122016242144}"
"{'roll': 223.73051337848207, 'pitch': 301.8173682345157, 'yaw': 118.54860180105486}"
"{'roll': 224.24929356670123, 'pitch': 301.48696466360553, 'yaw': 118.90299299633014}"
"{'roll': 224.29239206036402, 'pitch': 301.3216194441778, 'yaw': 119.09247610428463}"
"{'roll': 223.90731965533703, 'pitch': 301.7257344166108, 'yaw': 119.25267136107811}"
"{'roll': 223.45689600033137, 'pitch': 301.5245511946081, 'yaw': 119.89487306759939}"
"{'roll': 223.35235312489516, 'pitch': 301.27770815800386, 'yaw': 119.98389775324134}"
"{'roll': 222.70146341774964, 'pitch': 301.9777205856601, 'yaw': 120.51349696110579}"
"{'roll': 223.02278283706372, 'pitch': 302.41492099443263, 'yaw': 120.90732566864871}"
"{'roll': 223.62665352196288, 'pitch': 302.45347058210814, 'yaw': 121.16638108348896}"
"{'roll': 223.83378583873267, 'pitch': 302.0283732685449, 'yaw': 121.20764908645418}"
"{'roll': 223.10051038981845, 'pitch': 302.10507629292414, 'yaw': 121.5119203535999}"
"{'roll': 222.53714272669745, 'pitch': 301.3928446568427, 'yaw': 121.7939661851864}"
"{'roll': 223.3979924489292, 'pitch': 301.5956056525437, 'yaw': 120.89466249792751}"
"{'roll': 223.43647373471305, 'pitch': 301.6169363333217, 'yaw': 121.62325243707112}"
"{'roll': 223.3270814249661, 'pitch': 302.09186670706936, 'yaw': 121.97480227365168}"
"{'roll': 223.59453797248548, 'pitch': 301.70572879253183, 'yaw': 122.41500796565899}"
"{'roll': 223.74574470033122, 'pitch': 302.0102869276227, 'yaw': 123.15556439622846}"
"{'roll': 224.08937151747455, 'pitch': 301.3353822753554, 'yaw': 122.90415879325863}"
"{'roll': 222.8627515048103, 'pitch': 301.9326276767597, 'yaw': 124.00205706082481}"
"{'roll': 222.23944210153329, 'pitch': 301.7089936229551, 'yaw': 124.12431744696804}"
"{'roll': 221.99650593313427, 'pitch': 301.6977511315813, 'yaw': 124.70172797902258}"
"{'roll': 222.15039009513467, 'pitch': 301.99815651165676, 'yaw': 124.54285777892808}"
"{'roll': 222.6401283190029, 'pitch': 301.33521152062616, 'yaw': 124.51630200343507}"
"{'roll': 223.37833516449788, 'pitch': 301.4814527009453, 'yaw': 125.05748521213187}"
"{'roll': 223.20640564271034, 'pitch': 301.11063490071615, 'yaw': 125.00057607596732}"
"{'roll': 222.43462158725558, 'pitch': 301.5181922884908, 'yaw': 125.63408978186435}"
"{'roll': 223.62610710682927, 'pitch': 301.297481555651, 'yaw': 124.51197166350128}"
"{'roll': 223.92875278895252, 'pitch': 301.1589106777698, 'yaw': 124.00130574001611}"
"{'roll': 224.90779210458217, 'pitch': 301.11308693862816, 'yaw': 123.10222061881065}"
"{'roll': 224.82998258955737, 'pitch': 301.1942569067246, 'yaw': 122.43165996685548}"
"{'roll': 224.78887851113225, 'pitch': 301.26467615706747, 'yaw': 122.76322466992458}"
"{'roll': 224.94769406971338, 'pitch': 300.38921666020104, 'yaw': 122.91541494501081}"
"{'roll': 223.83933195233874, 'pitch': 300.8309181636366, 'yaw': 123.7354337963842}"
"{'roll': 224.98755505370957, 'pitch': 301.45725334071597, 'yaw': 123.40350026309991}"
"{'roll': 224.04421030668243, 'pitch': 301.6124762197937, 'yaw': 124.3880856923356}"
"{'roll': 223.96861377294874, 'pitch': 302.0089618709237, 'yaw': 124.8921399927042}"
"{'roll': 223.96163331961696, 'pitch': 302.0350531935532, 'yaw': 125.09048868620137}"
"{'roll': 223.28961100717942, 'pitch': 301.1983072089024, 'yaw': 126.35119134282398}"
"{'roll': 223.4947215879549, 'pitch': 300.67616656761163, 'yaw': 126.6282921174514}"
"{'roll': 222.84665957912574, 'pitch': 301.3867316375356, 'yaw': 127.25840438914176}"
"{'roll': 222.49698121437777, 'pitch': 301.7243547183985, 'yaw': 127.62093716990769}"
"{'roll': 221.56242009062328, 'pitch': 301.3540150314112, 'yaw': 127.95370398627071}"
"{'roll': 223.83763806542456, 'pitch': 301.4612763221371, 'yaw': 126.63830517477463}"
"{'roll': 223.8182266678034, 'pitch': 301.6831140361899, 'yaw': 126.94381953634931}"
"{'roll': 222.87318803386208, 'pitch': 301.4235053760269, 'yaw': 127.36492801943727}"
"{'roll': 222.9900798913177, 'pitch': 301.2198018142205, 'yaw': 127.74245989562056}"
"{'roll': 222.04203597414158, 'pitch': 301.39237337379, 'yaw': 128.63847143169951}"
"{'roll': 221.82489060004852, 'pitch': 301.46954768122197, 'yaw': 128.70544826670064}"
"{'roll': 221.0953990759345, 'pitch': 300.617365469047, 'yaw': 128.72906706085055}"
"{'roll': 222.37383290364247, 'pitch': 301.176033962019, 'yaw': 127.84246752544789}"
"{'roll': 222.8673960334459, 'pitch': 300.86204333568435, 'yaw': 127.2155517822891}"
"{'roll': 223.83007021582418, 'pitch': 299.8799304349282, 'yaw': 125.91323961324277}"
"{'roll': 224.33777183720957, 'pitch': 299.7727989177966, 'yaw': 125.77924496210545}"
"{'roll': 224.01712177643415, 'pitch': 299.1662371383644, 'yaw': 125.69266548418636}"
"{'roll': 223.77240975885096, 'pitch': 299.0958656993458, 'yaw': 125.29027171942424}"
"{'roll': 222.74341443963183, 'pitch': 299.30394058222106, 'yaw': 126.77973107172892}"
"{'roll': 222.46317177798622, 'pitch': 299.5769159225898, 'yaw': 127.44829730844644}"
"{'roll': 222.45093207899356, 'pitch': 300.0568938061341, 'yaw': 128.12303803617365}"
"{'roll': 222.41754611433052, 'pitch': 300.2940926156303, 'yaw': 127.5266395782265}"
"{'roll': 222.2835378028149, 'pitch': 300.0839072043015, 'yaw': 126.80191552615312}"
"{'roll': 223.00058472226115, 'pitch': 300.0439779184136, 'yaw': 125.4176274266883}"
"{'roll': 221.80807467431197, 'pitch': 300.2378596681936, 'yaw': 126.34288583279324}"
"{'roll': 221.87128124489126, 'pitch': 299.61821807650085, 'yaw': 125.18867948570947}"
"{'roll': 222.9617209458838, 'pitch': 299.6058007925898, 'yaw': 124.49190456771979}"
"{'roll': 222.56309744554352, 'pitch': 299.8514826970351, 'yaw': 124.93708263744288}"
"{'roll': 222.3455832412353, 'pitch': 299.43313361037184, 'yaw': 125.1555120870999}"
"{'roll': 221.54261254203024, 'pitch': 299.2752401273287, 'yaw': 126.30098945242439}"
"{'roll': 221.69540387376344, 'pitch': 300.1545586810761, 'yaw': 125.86242300581786}"
"{'roll': 220.0583168127381, 'pitch': 300.5805234286639, 'yaw': 126.97348987810383}"
"{'roll': 219.6164855357083, 'pitch': 300.42965138008753, 'yaw': 126.6730025357583}"
"{'roll': 218.82897838478416, 'pitch': 300.4709808547553, 'yaw': 127.21452725391359}"
"{'roll': 217.46437489050732, 'pitch': 300.3793538670396, 'yaw': 128.0431521436412}"
"{'roll': 217.7992454051347, 'pitch': 300.22827691278803, 'yaw': 127.55676071246624}"
"{'roll': 216.92291847424374, 'pitch': 300.34135069449763, 'yaw': 128.14863758518288}"
"{'roll': 219.02111160613663, 'pitch': 300.06961161836864, 'yaw': 125.85925379804299}"
"{'roll': 218.82508517695726, 'pitch': 299.3007713744462, 'yaw': 125.7645190742549}"
"{'roll': 217.21456755180327, 'pitch': 299.7731814083901, 'yaw': 126.6968262355833}"
"{'roll': 217.28278748123336, 'pitch': 299.84903748931225, 'yaw': 126.21099487992029}"
"{'roll': 215.08404030437956, 'pitch': 300.1596130210619, 'yaw': 127.48108221646251}"
"{'roll': 215.37667292917956, 'pitch': 299.89621360590957, 'yaw': 126.57205233982552}"
"{'roll': 214.67890080357105, 'pitch': 300.3660691491039, 'yaw': 127.33383699833537}"
"{'roll': 216.40471202191486, 'pitch': 300.416291530071, 'yaw': 126.47000931362552}"
"{'roll': 216.39950741776732, 'pitch': 300.259729933916, 'yaw': 126.91215477935712}"
"{'roll': 217.11782475239923, 'pitch': 300.6994233617355, 'yaw': 126.34360983284526}"
"{'roll': 217.70619090788244, 'pitch': 300.70424547528955, 'yaw': 126.2446813729068}"
"{'roll': 216.47030915870369, 'pitch': 300.25494880149694, 'yaw': 127.42532055207853}"
"{'roll': 216.00655297443814, 'pitch': 300.5848469384086, 'yaw': 127.09812717007823}"
"{'roll': 217.27097125396924, 'pitch': 300.9697622490846, 'yaw': 126.96410519818424}"
"{'roll': 219.4251172955429, 'pitch': 300.69846030506255, 'yaw': 125.9337301807528}"
"{'roll': 219.83669083454953, 'pitch': 300.503711121258, 'yaw': 125.76268858355733}"
"{'roll': 220.41360959298382, 'pitch': 300.38278262200294, 'yaw': 125.02065683212716}"
"{'roll': 220.23092935344266, 'pitch': 300.3200473344763, 'yaw': 125.19277759921148}"
"{'roll': 220.728344709938, 'pitch': 300.17983038100516, 'yaw': 124.33765157550422}"
"{'roll': 221.59405752685876, 'pitch': 299.72542472571337, 'yaw': 123.68248616993826}"
"{'roll': 222.46058996647994, 'pitch': 299.1969661594403, 'yaw': 123.17705217135732}"
"{'roll': 223.01682691210746, 'pitch': 299.11070087022307, 'yaw': 122.87704294225367}"
"{'roll': 223.2283442103244, 'pitch': 298.67408785771914, 'yaw': 122.93128830464191}"
"{'roll': 220.9591641227494, 'pitch': 298.82080032109104, 'yaw': 124.2143393402288}"
"{'roll': 221.2565915403468, 'pitch': 298.9193941017602, 'yaw': 124.2680246271051}"
"{'roll': 219.86123853442655, 'pitch': 298.76968318534267, 'yaw': 125.5790930986674}"
"{'roll': 219.45935020366298, 'pitch': 299.5280800700242, 'yaw': 126.2946783576313}"
"{'roll': 219.80964328543627, 'pitch': 299.6466453238264, 'yaw': 126.09531879613697}"
"{'roll': 221.21129372577127, 'pitch': 300.15998868146625, 'yaw': 125.05345540052156}"
"{'roll': 220.45743208669862, 'pitch': 299.9363819484184, 'yaw': 125.19736748633373}"
"{'roll': 220.17500376451858, 'pitch': 299.88049051044015, 'yaw': 125.95280006891548}"
"{'roll': 220.65890900683564, 'pitch': 299.2828216373074, 'yaw': 125.7100141646782}"
"{'roll': 221.01133310762998, 'pitch': 299.1798223846236, 'yaw': 126.00341177066527}"
"{'roll': 221.19190964890677, 'pitch': 299.0668852066974, 'yaw': 125.48148969542791}"
"{'roll': 221.54753027823264, 'pitch': 298.8617199844086, 'yaw': 125.42225829494556}"
"{'roll': 221.78772071058532, 'pitch': 298.93299983858685, 'yaw': 125.42941633319573}"
"{'roll': 221.07989454651855, 'pitch': 299.1618453267281, 'yaw': 126.07593471927247}"
"{'roll': 222.0428009553286, 'pitch': 299.32900737647503, 'yaw': 125.75010737510618}"
"{'roll': 221.04996465757557, 'pitch': 299.66700611774223, 'yaw': 126.28364077193255}"
"{'roll': 220.47628340880786, 'pitch': 298.8955089302326, 'yaw': 126.875148814434}"
"{'roll': 220.6206326267269, 'pitch': 299.1440117028052, 'yaw': 127.10038113250434}"
"{'roll': 220.7332897668971, 'pitch': 299.3647975677259, 'yaw': 127.48262583921493}"
"{'roll': 219.17466791905687, 'pitch': 299.4985599924314, 'yaw': 128.50151247846242}"
"{'roll': 218.0238493458014, 'pitch': 299.45779742346474, 'yaw': 130.09621138549866}"
"{'roll': 217.58755052199933, 'pitch': 299.1850679699062, 'yaw': 129.5554106673954}"
"{'roll': 217.54284010369244, 'pitch': 299.7534626522563, 'yaw': 129.86312434988278}"
"{'roll': 218.10564769130147, 'pitch': 299.30484899738065, 'yaw': 129.77812947585116}"
"{'roll': 218.38475654154487, 'pitch': 299.2652748813296, 'yaw': 129.81478027093743}"
"{'roll': 217.84883257850902, 'pitch': 298.8131095280856, 'yaw': 129.56853829098014}"
"{'roll': 218.56921263027024, 'pitch': 298.50164607174383, 'yaw': 129.46312115133017}"
"{'roll': 219.52374522715786, 'pitch': 298.7786034123987, 'yaw': 128.9493133408268}"
"{'roll': 218.65412554203184, 'pitch': 299.654821060263, 'yaw': 129.56390742272288}"
"{'roll': 218.45569488626464, 'pitch': 300.01303716147345, 'yaw': 130.67696871024648}"
"{'roll': 218.780962154919, 'pitch': 299.75612642603255, 'yaw': 130.70493150470853}"
"{'roll': 219.1176221791089, 'pitch': 299.58462037597354, 'yaw': 129.70025165893466}"
"{'roll': 219.53196877491857, 'pitch': 300.50007746061954, 'yaw': 129.5794529332738}"
"{'roll': 218.67034041112146, 'pitch': 300.7096823058689, 'yaw': 130.11972089662183}"
"{'roll': 219.20909207247374, 'pitch': 300.14277660475784, 'yaw': 129.87461272806675}"
"{'roll': 219.95523559778425, 'pitch': 299.5483725620483, 'yaw': 128.92453341451798}"
"{'roll': 221.58154462029933, 'pitch': 299.5169741824337, 'yaw': 128.75850517617332}"
"{'roll': 220.9812802752819, 'pitch': 299.1091845682273, 'yaw': 128.60039995726586}"
"{'roll': 221.2900731276582, 'pitch': 299.6255673600478, 'yaw': 127.76845559560162}"
"{'roll': 222.36294558210545, 'pitch': 299.7050502714192, 'yaw': 127.66481430513585}"
"{'roll': 222.2500562155035, 'pitch': 300.3243093725184, 'yaw': 127.94460617429625}"
"{'roll': 221.6189467361943, 'pitch': 300.87728831791185, 'yaw': 127.84219431788108}"
"{'roll': 221.00036382382294, 'pitch': 301.04718244332673, 'yaw': 128.87158578807205}"
"{'roll': 222.1167582436615, 'pitch': 300.84124540966167, 'yaw': 128.1689232470178}"
"{'roll': 221.37405713369267, 'pitch': 300.83353412608875, 'yaw': 128.3459480899262}"
"{'roll': 222.16679620952104, 'pitch': 300.68184245481194, 'yaw': 127.84481711052237}"
"{'roll': 223.40114799632573, 'pitch': 301.0062832705767, 'yaw': 128.15418369878893}"
"{'roll': 223.39009675024866, 'pitch': 301.2660968364148, 'yaw': 127.8824377924708}"
"{'roll': 223.75671398413826, 'pitch': 300.7030706827523, 'yaw': 127.7895062386236}"
"{'roll': 224.87935119687822, 'pitch': 300.2146438552047, 'yaw': 126.96590836812513}"
"{'roll': 224.9671191277129, 'pitch': 300.0192594638073, 'yaw': 127.36664922710811}"
"{'roll': 225.04999664310182, 'pitch': 300.5537490871175, 'yaw': 127.35738749059358}"
"{'roll': 224.6712626536246, 'pitch': 300.7284311751406, 'yaw': 128.22357842075627}"
"{'roll': 223.9161442597447, 'pitch': 300.44834560784585, 'yaw': 128.73783702374485}"
"{'roll': 222.9210813203222, 'pitch': 299.8585246220694, 'yaw': 129.8924805029355}"
"{'roll': 222.8568775421241, 'pitch': 299.51542372949217, 'yaw': 129.94430797835756}"
"{'roll': 223.14938722351906, 'pitch': 299.9172505885532, 'yaw': 129.68515694086895}"
"{'roll': 222.69090394529277, 'pitch': 300.21379008155844, 'yaw': 130.72752577048294}"
"{'roll': 221.51701299302104, 'pitch': 300.02086455826225, 'yaw': 130.65589074646783}"
"{'roll': 221.68478975979323, 'pitch': 300.4683512319248, 'yaw': 130.09017349827235}"
"{'roll': 222.20505892925144, 'pitch': 299.6064906416959, 'yaw': 129.3925516368256}"
"{'roll': 222.09283892118813, 'pitch': 298.92703025325227, 'yaw': 129.07772089722303}"
"{'roll': 221.77651920034648, 'pitch': 299.1496192881138, 'yaw': 129.63041980486045}"
"{'roll': 222.42469049220236, 'pitch': 299.55138467547226, 'yaw': 129.52908711833416}"
"{'roll': 222.19230013588185, 'pitch': 299.3776451535547, 'yaw': 130.17321493820137}"
"{'roll': 221.30087848692514, 'pitch': 298.95082663232057, 'yaw': 131.14172210213084}"
"{'roll': 221.1047564350974, 'pitch': 299.14227683475605, 'yaw': 132.0643577155945}"
"{'roll': 219.8143970970986, 'pitch': 299.3510347365483, 'yaw': 133.69085798340632}"
"{'roll': 220.16979916037104, 'pitch': 298.9331705933161, 'yaw': 134.2193370402469}"
"{'roll': 220.59839353078934, 'pitch': 298.819434283257, 'yaw': 134.64839586352875}"
"{'roll': 221.59166696064926, 'pitch': 298.50952127985687, 'yaw': 133.60397797716377}"
"{'roll': 222.67858228403009, 'pitch': 298.4470591998971, 'yaw': 133.27677093478513}"
"{'roll': 222.50411193187128, 'pitch': 298.6614383473763, 'yaw': 133.94401211480368}"
"{'roll': 223.38303433464685, 'pitch': 298.75230035390496, 'yaw': 133.76302576217668}"
"{'roll': 223.61930423841594, 'pitch': 298.78157454468766, 'yaw': 133.8675413168562}"
"{'roll': 221.69011730734584, 'pitch': 299.0233427507386, 'yaw': 135.51261969921046}"
"{'roll': 221.89562403909318, 'pitch': 299.266374541786, 'yaw': 136.48130444805835}"
"{'roll': 222.6747027365815, 'pitch': 299.62883219047103, 'yaw': 136.6871253685075}"
"{'roll': 223.80120583639172, 'pitch': 299.23496933198226, 'yaw': 136.0114967161882}"
"{'roll': 225.3597457219619, 'pitch': 299.2243483878229, 'yaw': 135.6799046923624}"
"{'roll': 223.13941514733085, 'pitch': 298.9406633108356, 'yaw': 137.12324660739117}"
"{'roll': 224.0517781562828, 'pitch': 298.8582160973644, 'yaw': 136.95870735028555}"
"{'roll': 222.83534878586022, 'pitch': 299.08036116992986, 'yaw': 138.7795128396059}"
"{'roll': 223.9736544525562, 'pitch': 298.8488928891473, 'yaw': 139.13753769551963}"
"{'roll': 223.8346464425681, 'pitch': 298.9427396883433, 'yaw': 139.52747319523564}"
"{'roll': 224.70161601429615, 'pitch': 298.9589682178112, 'yaw': 139.0496058401449}"
"{'roll': 224.60041993155326, 'pitch': 298.9340858386649, 'yaw': 139.28266555500406}"
"{'roll': 224.52341637885053, 'pitch': 298.86403541853724, 'yaw': 140.2438234353866}"
"{'roll': 225.32392820995435, 'pitch': 299.18601736620076, 'yaw': 139.29415393318803}"
"{'roll': 226.704473365754, 'pitch': 298.6225130992964, 'yaw': 138.53725969012388}"
"{'roll': 227.5088647443064, 'pitch': 298.576375171453, 'yaw': 137.88040039764377}"
"{'roll': 226.47148195278655, 'pitch': 298.41381666920665, 'yaw': 139.219950758045}"
"{'roll': 227.50248534762162, 'pitch': 298.6195487971966, 'yaw': 138.11998977334946}"
"{'roll': 228.582392896914, 'pitch': 298.8206978682535, 'yaw': 137.79651201425767}"
"{'roll': 228.78197102446177, 'pitch': 298.72675544640913, 'yaw': 138.50827236728637}"
"{'roll': 228.16754086710577, 'pitch': 298.68818536816605, 'yaw': 139.3992978652712}"
"{'roll': 226.70500612050927, 'pitch': 298.77499024232776, 'yaw': 140.13902101276193}"
"{'roll': 226.6511978902279, 'pitch': 298.8484625872296, 'yaw': 140.78077192679797}"
"{'roll': 226.73251812248608, 'pitch': 299.4636440653943, 'yaw': 141.02335292536014}"
"{'roll': 227.70173562608923, 'pitch': 299.95064338340535, 'yaw': 140.4264217126577}"
"{'roll': 226.9125209278726, 'pitch': 300.377885376368, 'yaw': 142.02221344996116}"
"{'roll': 227.1999216277684, 'pitch': 300.41198168070474, 'yaw': 142.78692142943578}"
"{'roll': 227.5443134260988, 'pitch': 300.5258614247363, 'yaw': 143.8540838457369}"
"{'roll': 228.83696770765872, 'pitch': 300.47661576082055, 'yaw': 143.6533992275436}"
"{'roll': 228.02769957403893, 'pitch': 300.1086188287186, 'yaw': 145.1419433344995}"
"{'roll': 228.2476863068267, 'pitch': 299.6070916983429, 'yaw': 145.19924862163592}"
"{'roll': 229.3459670649864, 'pitch': 298.96031376507773, 'yaw': 144.16825888717915}"
"{'roll': 227.97531202310492, 'pitch': 298.924448441746, 'yaw': 145.52220728635078}"
"{'roll': 226.82202092136993, 'pitch': 298.75854997699554, 'yaw': 146.8681643641935}"
"{'roll': 226.55259727936962, 'pitch': 298.6555575545009, 'yaw': 147.71219816068864}"
"{'roll': 227.0543566361771, 'pitch': 298.61392072132054, 'yaw': 147.81312103586475}"
"{'roll': 226.48232829318852, 'pitch': 298.7698949212069, 'yaw': 148.47529421551917}"
"{'roll': 227.38529296184254, 'pitch': 298.9754426340893, 'yaw': 149.23875910056483}"
"{'roll': 228.515702929858, 'pitch': 298.68148495259027, 'yaw': 148.9125356054267}"
"{'roll': 229.07774553628002, 'pitch': 299.0372763366454, 'yaw': 149.0837684479189}"
"{'roll': 230.09144123175827, 'pitch': 299.33040073506567, 'yaw': 148.54733905088446}"
"{'roll': 229.85590898841957, 'pitch': 299.2093424622164, 'yaw': 148.8462281289642}"
"{'roll': 228.2606226851147, 'pitch': 300.04449701279054, 'yaw': 150.2320052096681}"
"{'roll': 227.21269408151633, 'pitch': 300.0591682591277, 'yaw': 151.9846727318284}"
"{'roll': 226.49751863390264, 'pitch': 300.3413233737409, 'yaw': 152.6807373101444}"
"{'roll': 226.19644389528847, 'pitch': 300.78736204729944, 'yaw': 153.88384781168546}"
"{'roll': 226.7990305046237, 'pitch': 300.83839039058864, 'yaw': 154.52792099003932}"
"{'roll': 225.3326435313353, 'pitch': 300.84556208921714, 'yaw': 156.46343267628086}"
"{'roll': 225.62151955209183, 'pitch': 300.90096858376427, 'yaw': 156.3652282163944}"
"{'roll': 225.85616387083843, 'pitch': 301.14734716750496, 'yaw': 156.72022046831665}"
"{'roll': 225.72033872900357, 'pitch': 301.16077531941323, 'yaw': 156.46660188405573}"
"{'roll': 224.64558114234538, 'pitch': 301.0724746338233, 'yaw': 157.2114203526673}"
"{'roll': 226.29653348738583, 'pitch': 301.11941852398877, 'yaw': 156.69097359829067}"
"{'roll': 226.9939777639142, 'pitch': 300.66260864210915, 'yaw': 156.13685401130587}"
"{'roll': 226.27126178745678, 'pitch': 300.4136277562947, 'yaw': 156.40093644537524}"
"{'roll': 227.0593153535145, 'pitch': 300.8345723148426, 'yaw': 156.00899287004322}"
"{'roll': 226.76315835110276, 'pitch': 301.54549255460336, 'yaw': 156.28632587110243}"
"{'roll': 227.15292992627872, 'pitch': 302.02058002270195, 'yaw': 156.4028079172078}"
"{'roll': 225.6140473251398, 'pitch': 301.40122529895433, 'yaw': 157.78980077158397}"
"{'roll': 225.5163209784953, 'pitch': 301.8732938234398, 'yaw': 157.8058517161335}"
"{'roll': 226.22883265233267, 'pitch': 302.1407572011483, 'yaw': 157.626531929664}"
"{'roll': 228.48097824811765, 'pitch': 301.75219456945547, 'yaw': 156.09977974449103}"
"{'roll': 228.8420493684012, 'pitch': 302.4674109982042, 'yaw': 156.29326534329917}"
"{'roll': 228.7465906445611, 'pitch': 302.3223924217465, 'yaw': 156.3219794585699}"
"{'roll': 230.32735596569051, 'pitch': 302.36892650056177, 'yaw': 155.81479693156143}"
"{'roll': 230.38728404546822, 'pitch': 302.66289101224993, 'yaw': 156.82886145725487}"
"{'roll': 230.32256117289316, 'pitch': 303.0346855295304, 'yaw': 156.80278379500376}"
"{'roll': 229.69030422180344, 'pitch': 303.2619361685005, 'yaw': 157.39112262973032}"
"{'roll': 229.6311821043478, 'pitch': 303.49019426037313, 'yaw': 157.6083089849584}"
"{'roll': 229.5717594585687, 'pitch': 303.76319692149855, 'yaw': 157.29539069832342}"
"{'roll': 229.81914891030655, 'pitch': 304.0776690761697, 'yaw': 157.37829553446903}"
"{'roll': 230.4161894060357, 'pitch': 303.8118722646186, 'yaw': 157.5653744158357}"
"{'roll': 230.92390468779942, 'pitch': 304.28435743064347, 'yaw': 156.87612636631135}"
"{'roll': 230.84530287083092, 'pitch': 304.84107931970203, 'yaw': 157.16502970782457}"
"{'roll': 231.20780833084018, 'pitch': 305.13347971807025, 'yaw': 157.03539271737773}"
"{'roll': 231.58219832000526, 'pitch': 304.703198290927, 'yaw': 157.56137192498207}"
"{'roll': 232.61197228078976, 'pitch': 304.30899392297965, 'yaw': 157.26137635625676}"
"{'roll': 232.68098451216355, 'pitch': 305.1680404752705, 'yaw': 157.75828627875353}"
"{'roll': 233.175913679801, 'pitch': 304.840314338515, 'yaw': 157.67200732915794}"
"{'roll': 234.1685587322573, 'pitch': 304.4420084419711, 'yaw': 157.6179395516881}"
"{'roll': 234.53913747586552, 'pitch': 304.7551043135245, 'yaw': 157.69446499114892}"
"{'roll': 233.73891251270683, 'pitch': 304.8509011317285, 'yaw': 158.61180037781668}"
"{'roll': 233.7261673797156, 'pitch': 305.654312378135, 'yaw': 159.138462604338}"
"{'roll': 234.66932088144597, 'pitch': 305.29578891841186, 'yaw': 158.88018583106316}"
"{'roll': 233.95447328291243, 'pitch': 305.19901196806194, 'yaw': 159.68822453063234}"
"{'roll': 234.19189065846206, 'pitch': 305.1504151721173, 'yaw': 160.12280214676358}"
"{'roll': 233.15532748964262, 'pitch': 304.8249054317474, 'yaw': 161.42628910834713}"
"{'roll': 233.01769917786686, 'pitch': 304.37934145633625, 'yaw': 162.34102902313026}"
"{'roll': 232.67870322898077, 'pitch': 304.46156668865945, 'yaw': 162.67943757574773}"
"{'roll': 232.10860099933814, 'pitch': 304.38277704148874, 'yaw': 163.45178170671443}"
"{'roll': 232.6649608883707, 'pitch': 304.50574776730565, 'yaw': 163.79971154303487}"
"{'roll': 232.9537959279922, 'pitch': 304.5509943554624, 'yaw': 164.26136402903603}"
"{'roll': 233.79609485643817, 'pitch': 305.4254498145208, 'yaw': 164.55269891789376}"
"{'roll': 233.80994648007496, 'pitch': 304.8717810200212, 'yaw': 164.43837521156607}"
"{'roll': 233.74194511669833, 'pitch': 304.44199819668734, 'yaw': 164.96860279683418}"
"{'roll': 233.66424488470025, 'pitch': 304.28426863818424, 'yaw': 165.1951191904685}"
"{'roll': 234.66149348465711, 'pitch': 303.90133749746207, 'yaw': 165.04618008542718}"
"{'roll': 233.68514526356049, 'pitch': 303.9422639909688, 'yaw': 166.56409400581413}"
"{'roll': 233.11722869445225, 'pitch': 303.34799313694805, 'yaw': 167.6425672153808}"
"{'roll': 235.28131949145745, 'pitch': 302.97244543071866, 'yaw': 167.29463737906036}"
"{'roll': 236.3198907358929, 'pitch': 302.24083313286735, 'yaw': 167.1724316344305}"
"{'roll': 236.23745035261084, 'pitch': 302.45449511048366, 'yaw': 167.24958545129496}"
"{'roll': 237.8763542439554, 'pitch': 302.146487729862, 'yaw': 166.49754064254154}"
"{'roll': 238.22433872178922, 'pitch': 301.73694275703883, 'yaw': 167.05937834328844}"
"{'roll': 238.49014236352946, 'pitch': 301.34831182345425, 'yaw': 167.76316103536655}"
"{'roll': 238.7173964175941, 'pitch': 300.57704003218726, 'yaw': 168.56441052690076}"
"{'roll': 238.07748965463395, 'pitch': 300.3832402446773, 'yaw': 170.27774981982012}"
"{'roll': 237.83071491992138, 'pitch': 300.76316951725926, 'yaw': 171.35753442570743}"
"{'roll': 237.2364884621303, 'pitch': 300.7838240093094, 'yaw': 172.1960494293532}"
"{'roll': 237.58234192094307, 'pitch': 300.2605154056705, 'yaw': 172.16442565349604}"
"{'roll': 238.23758928877905, 'pitch': 299.98595546141433, 'yaw': 172.45406665543962}"
"{'roll': 237.75811000904415, 'pitch': 300.33874839242384, 'yaw': 173.3680415890357}"
"{'roll': 237.4443037978171, 'pitch': 300.3696413380398, 'yaw': 173.69535791444105}"
"{'roll': 237.69931574066868, 'pitch': 300.554131577711, 'yaw': 174.13444345542447}"
"{'roll': 237.91901560551133, 'pitch': 300.3159150700285, 'yaw': 173.6640073461507}"
"{'roll': 235.5503060013509, 'pitch': 300.3441169211115, 'yaw': 176.52002362683484}"
"{'roll': 235.09064793058735, 'pitch': 300.1741340032374, 'yaw': 177.31628708027492}"
"{'roll': 234.0432384213659, 'pitch': 300.49943542283756, 'yaw': 179.1181319644593}"
"{'roll': 235.65290910306283, 'pitch': 299.6963895915517, 'yaw': 178.5580018110049}"
"{'roll': 236.30123065908043, 'pitch': 299.57772188491185, 'yaw': 178.0356835847957}"
"{'roll': 236.15850702618383, 'pitch': 299.3116996771182, 'yaw': 178.38536194954366}"
"{'roll': 236.19608672699724, 'pitch': 299.04617607313395, 'yaw': 179.23002412344246}"
"{'roll': 236.9611771970654, 'pitch': 299.07122920700954, 'yaw': 178.85316160579782}"
"{'roll': 238.64955897875754, 'pitch': 299.33453299951356, 'yaw': 178.07863181429673}"
"{'roll': 238.2023181919051, 'pitch': 299.0710106409561, 'yaw': 178.8130820557482}"
"{'roll': 239.5407620616608, 'pitch': 299.2612450697193, 'yaw': 178.07021702123927}"
"{'roll': 240.57952455139304, 'pitch': 299.6726888351317, 'yaw': 177.86914991245243}"
"{'roll': 241.83604713224358, 'pitch': 300.0557599947319, 'yaw': 177.4217725218166}"
"{'roll': 242.3893197757713, 'pitch': 300.26241419825976, 'yaw': 177.53541320922727}"
"{'roll': 241.14005085581928, 'pitch': 300.7933657835799, 'yaw': 179.2830810329151}"
"{'roll': 240.60561587402248, 'pitch': 301.2341725322342, 'yaw': 180.00828684069606}"
"{'roll': 240.41786763411716, 'pitch': 300.9434660207801, 'yaw': 181.0009455535307}"
"{'roll': 240.8385253247199, 'pitch': 300.00367297212136, 'yaw': 180.58991842965767}"
"{'roll': 241.0339097161173, 'pitch': 300.2344445736086, 'yaw': 181.51277260917476}"
"{'roll': 239.49596968108386, 'pitch': 299.8417428472787, 'yaw': 182.92091172922127}"
"{'roll': 241.58130839695878, 'pitch': 299.6859940436349, 'yaw': 182.17793741168563}"
"{'roll': 242.4765139707157, 'pitch': 299.6667397403646, 'yaw': 181.88937557963092}"
"{'roll': 242.4701072532742, 'pitch': 299.0318395060661, 'yaw': 182.0976553681813}"
"{'roll': 242.56115367491049, 'pitch': 299.697530233143, 'yaw': 183.0709573249081}"
"{'roll': 243.04870623824434, 'pitch': 299.3608975297098, 'yaw': 183.19756171136348}"
"{'roll': 242.1588418724184, 'pitch': 298.77738080853726, 'yaw': 184.26872661851823}"
"{'roll': 242.20852466844104, 'pitch': 298.3285759083649, 'yaw': 184.66953577939293}"
"{'roll': 242.3623268681714, 'pitch': 298.5313095833092, 'yaw': 184.56869486648685}"
"{'roll': 241.44408989653323, 'pitch': 298.7713770722568, 'yaw': 186.7405857395242}"
"{'roll': 241.72325338829, 'pitch': 299.4876521803269, 'yaw': 187.12657338989996}"
"{'roll': 240.697878069331, 'pitch': 299.49804089805446, 'yaw': 188.01199813276537}"
"{'roll': 240.77481332014202, 'pitch': 300.19597694820305, 'yaw': 189.60395130375528}"
"{'roll': 239.84238321540857, 'pitch': 300.4365430409601, 'yaw': 191.2961853121393}"
"{'roll': 238.9241872249054, 'pitch': 300.4529764761031, 'yaw': 191.65418284729634}"
"{'roll': 237.31432529791175, 'pitch': 300.714067287316, 'yaw': 193.51510886780133}"
"{'roll': 237.94572164516606, 'pitch': 300.64033539522575, 'yaw': 193.70336254170522}"
"{'roll': 236.9530902530881, 'pitch': 300.63123075306214, 'yaw': 195.40864221140396}"
"{'roll': 238.4936120996278, 'pitch': 300.50141617769685, 'yaw': 195.12184256815513}"
"{'roll': 237.5405821443576, 'pitch': 300.59214158044216, 'yaw': 196.5525213124627}"
"{'roll': 237.12877637891918, 'pitch': 300.7421188742373, 'yaw': 197.3776354849569}"
"{'roll': 238.30904672787574, 'pitch': 301.13077029838934, 'yaw': 196.7533425344394}"
"{'roll': 238.38021729902727, 'pitch': 300.7380071003569, 'yaw': 196.82220450165147}"
"{'roll': 238.702889095797, 'pitch': 300.6415716594655, 'yaw': 197.1934662641767}"
"{'roll': 239.03170806281975, 'pitch': 300.42240454937814, 'yaw': 197.39083141043338}"
"{'roll': 238.36822348684473, 'pitch': 300.19025324967856, 'yaw': 198.56462674005675}"
"{'roll': 238.56356689710708, 'pitch': 300.36756496053215, 'yaw': 198.83191936303604}"
"{'roll': 238.6187684859791, 'pitch': 300.40586183120837, 'yaw': 200.0847263209781}"
"{'roll': 238.53352772513736, 'pitch': 300.8755944309977, 'yaw': 201.1441296423821}"
"{'roll': 237.87670941379224, 'pitch': 301.14281192189605, 'yaw': 201.17323990862468}"
"{'roll': 237.1186813593259, 'pitch': 301.20866860587336, 'yaw': 202.60663706822191}"
"{'roll': 237.03807146674143, 'pitch': 300.8061587278953, 'yaw': 202.5053726835873}"
"{'roll': 237.68663890956913, 'pitch': 300.4401835317877, 'yaw': 202.16308458352128}"
"{'roll': 237.7866465393965, 'pitch': 299.89366594534914, 'yaw': 202.49444438091527}"
"{'roll': 238.33937276779056, 'pitch': 299.76611216259914, 'yaw': 202.6430146557414}"
"{'roll': 237.42903149483294, 'pitch': 299.90896556908996, 'yaw': 203.46393509208522}"
"{'roll': 236.85347877423266, 'pitch': 300.5002482153488, 'yaw': 204.575958190855}"
"{'roll': 236.09411200268897, 'pitch': 300.46117270310714, 'yaw': 205.07986222706188}"
"{'roll': 237.19367683641264, 'pitch': 301.1985394353342, 'yaw': 204.23440775121935}"
"{'roll': 236.68702706415945, 'pitch': 301.11459641043473, 'yaw': 205.20430827373949}"
"{'roll': 237.69323687230735, 'pitch': 301.73934015343747, 'yaw': 204.79508431980736}"
"{'roll': 237.5645151272093, 'pitch': 301.66514380848366, 'yaw': 206.61349924291818}"
"{'roll': 238.1236070919099, 'pitch': 301.3176032929459, 'yaw': 206.57169848519771}"
"{'roll': 238.7184892478613, 'pitch': 301.27934057321545, 'yaw': 207.22712343795214}"
"{'roll': 239.28708883588652, 'pitch': 301.5721098017989, 'yaw': 207.8357752552703}"
"{'roll': 239.5882045556357, 'pitch': 301.3898666943646, 'yaw': 208.06903987580458}"
"{'roll': 239.3400501227108, 'pitch': 301.2348214002053, 'yaw': 209.45223514500222}"
"{'roll': 240.44783850419518, 'pitch': 301.3576350316713, 'yaw': 209.4921644308901}"
"{'roll': 242.04009220350855, 'pitch': 301.16696347080125, 'yaw': 209.36614744070337}"
"{'roll': 241.60644349310445, 'pitch': 301.1333452797064, 'yaw': 210.0901748134814}"
"{'roll': 242.71701859177017, 'pitch': 300.5439341052802, 'yaw': 210.1448163268415}"
"{'roll': 242.64759654904617, 'pitch': 301.3057187637901, 'yaw': 210.3606912857489}"
"{'roll': 241.86148275671272, 'pitch': 301.5217644774267, 'yaw': 210.8324797724784}"
"{'roll': 241.39024068511685, 'pitch': 301.73483905877447, 'yaw': 212.03008514154843}"
"{'roll': 242.2488091241658, 'pitch': 302.41684710777855, 'yaw': 212.2922551226502}"
"{'roll': 243.03884344508282, 'pitch': 302.29834332567884, 'yaw': 212.3746408644189}"
"{'roll': 241.82440848989788, 'pitch': 302.5416551544822, 'yaw': 213.34262893397144}"
"{'roll': 242.40616302226454, 'pitch': 302.6711418807673, 'yaw': 213.0846663493984}"
"{'roll': 243.48731366598588, 'pitch': 302.7141447517817, 'yaw': 213.45065520588435}"
"{'roll': 243.6965360206417, 'pitch': 302.90329318046685, 'yaw': 214.20257707123272}"
"{'roll': 244.2296732664962, 'pitch': 302.3057677413066, 'yaw': 214.12616091479862}"
"{'roll': 243.77904470581547, 'pitch': 303.0680031923017, 'yaw': 215.84208201922425}"
"{'roll': 244.187763225749, 'pitch': 302.9451315042278, 'yaw': 216.1274609831257}"
"{'roll': 243.46456913604973, 'pitch': 302.5425225885068, 'yaw': 216.6699419277648}"
"{'roll': 244.58461087690512, 'pitch': 302.60111878139634, 'yaw': 216.27365435212067}"
"{'roll': 244.7754327019369, 'pitch': 302.7748207372735, 'yaw': 216.20542076231223}"
"{'roll': 245.35042534702526, 'pitch': 302.8298105902813, 'yaw': 216.08296913087224}"
"{'roll': 245.0249531726958, 'pitch': 302.96320076967703, 'yaw': 217.7829622341534}"
"{'roll': 244.9595199604471, 'pitch': 302.7214359787207, 'yaw': 218.82630095062953}"
"{'roll': 244.5662923095511, 'pitch': 302.32895623353886, 'yaw': 219.63144364999064}"
"{'roll': 243.44894166322874, 'pitch': 302.7641451516008, 'yaw': 220.51641760037086}"
"{'roll': 242.8409182233142, 'pitch': 302.08380708384874, 'yaw': 221.16428836390324}"
"{'roll': 243.09806118518685, 'pitch': 301.91237616587057, 'yaw': 221.42455955241573}"
"{'roll': 243.87860154315757, 'pitch': 301.74903219186973, 'yaw': 221.27392656046027}"
"{'roll': 244.03927491319294, 'pitch': 301.40177171408794, 'yaw': 221.69783542110795}"
"{'roll': 243.52931932938145, 'pitch': 301.44758862304036, 'yaw': 222.89966184708504}"
"{'roll': 243.85276976771655, 'pitch': 301.749885965516, 'yaw': 223.27983017628796}"
"{'roll': 244.76827466368673, 'pitch': 301.9279080160432, 'yaw': 222.90962026289492}"
"{'roll': 244.65666937264874, 'pitch': 302.49598167950234, 'yaw': 223.7105145845923}"
"{'roll': 246.46561082338076, 'pitch': 302.33466627168497, 'yaw': 222.8313462950066}"
"{'roll': 245.80584870050336, 'pitch': 302.23030781135634, 'yaw': 224.48130143242824}"
"{'roll': 245.8690006295693, 'pitch': 302.6453988977855, 'yaw': 224.98375746853105}"
"{'roll': 245.475076299378, 'pitch': 302.5230770399398, 'yaw': 225.97791882298307}"
"{'roll': 246.20991586161216, 'pitch': 302.31670287416785, 'yaw': 226.05544147006273}"
"{'roll': 247.5312022961728, 'pitch': 302.4611203939786, 'yaw': 225.5064991664688}"
"{'roll': 247.34216998070352, 'pitch': 302.8012706448344, 'yaw': 226.22489846337075}"
"{'roll': 247.21601638673337, 'pitch': 302.9388579754751, 'yaw': 226.25639929582283}"
"{'roll': 248.18703023008823, 'pitch': 303.4830703730688, 'yaw': 226.25824344689875}"
"{'roll': 246.58209969967533, 'pitch': 303.56569517145846, 'yaw': 227.72774498644864}"
"{'roll': 246.22310495689948, 'pitch': 303.55850298226244, 'yaw': 227.9592610785554}"
"{'roll': 246.97787501113172, 'pitch': 302.95060248575294, 'yaw': 227.89784401753863}"
"{'roll': 247.00886357939606, 'pitch': 302.45773945033943, 'yaw': 227.90780243334854}"
"{'roll': 247.03816509093542, 'pitch': 301.7985578935415, 'yaw': 228.728627247044}"
"{'roll': 247.4702974993438, 'pitch': 302.024801079609, 'yaw': 229.46235348844343}"
"{'roll': 246.26022703503847, 'pitch': 301.9028548821676, 'yaw': 231.34025935922506}"
"{'roll': 245.5789156653297, 'pitch': 302.3253703842246, 'yaw': 231.57942526320224}"
"{'roll': 245.68083574812465, 'pitch': 302.07776919662246, 'yaw': 231.9860264244931}"
"{'roll': 246.16474099044171, 'pitch': 302.2481687560359, 'yaw': 232.30324773030517}"
"{'roll': 246.9438538388759, 'pitch': 302.5614695332644, 'yaw': 231.26712169359257}"
"{'roll': 248.1399429059502, 'pitch': 302.79849758803135, 'yaw': 231.65559553282623}"
"{'roll': 247.39322564474935, 'pitch': 302.5312254556196, 'yaw': 233.02060883845326}"
"{'roll': 248.15939528470636, 'pitch': 302.0839231970646, 'yaw': 233.09050899441917}"
"{'roll': 248.24834483826743, 'pitch': 301.43614122599143, 'yaw': 233.45816441706262}"
"{'roll': 248.3854540556663, 'pitch': 301.4624852656202, 'yaw': 234.78480571993254}"
"{'roll': 248.6446802252358, 'pitch': 301.72502407693713, 'yaw': 235.4623604855978}"
"{'roll': 251.28742384908628, 'pitch': 301.7531576261284, 'yaw': 233.94488369731772}"
"{'roll': 250.70021199557277, 'pitch': 301.59781863383483, 'yaw': 234.05318317679746}"
"{'roll': 251.09139058971775, 'pitch': 301.25449234501497, 'yaw': 234.2411499827562}"
"{'roll': 250.33386796924998, 'pitch': 301.41714646990965, 'yaw': 235.49875173349562}"
"{'roll': 250.75651324490119, 'pitch': 301.4950447773936, 'yaw': 236.88183771966652}"
"{'roll': 251.32653351227378, 'pitch': 301.6003321434494, 'yaw': 236.78024548595175}"
"{'roll': 250.68113527722093, 'pitch': 301.5846363687367, 'yaw': 237.78037642573838}"
"{'roll': 249.13331878864767, 'pitch': 302.00974051248915, 'yaw': 239.47685881178614}"
"{'roll': 249.35522480459218, 'pitch': 302.3505601218836, 'yaw': 239.85439068796944}"
"{'roll': 248.36787314874266, 'pitch': 301.9571685464475, 'yaw': 241.99176178494153}"
"{'roll': 249.65365625999758, 'pitch': 301.8599339734232, 'yaw': 241.5730575284414}"
"{'roll': 248.63302792251173, 'pitch': 301.96079537689684, 'yaw': 242.31067697766775}"
"{'roll': 248.86328042962202, 'pitch': 302.5425840602093, 'yaw': 242.49123985856625}"
"{'roll': 249.57737670734687, 'pitch': 303.19794412616665, 'yaw': 242.6670625881807}"
"{'roll': 248.68359181293732, 'pitch': 303.5472024342806, 'yaw': 244.39749101440344}"
"{'roll': 248.54043787812304, 'pitch': 303.94137948147124, 'yaw': 245.6131758942065}"
"{'roll': 247.80975107090424, 'pitch': 303.6240898737675, 'yaw': 246.597071474336}"
"{'roll': 247.64312177591262, 'pitch': 303.96167880368455, 'yaw': 247.03974969482286}"
"{'roll': 247.1141509454518, 'pitch': 304.13527147653497, 'yaw': 248.4888562895111}"
"{'roll': 245.40849561534873, 'pitch': 304.21212818017057, 'yaw': 250.22616271622803}"
"{'roll': 245.6863818617307, 'pitch': 304.54424954365703, 'yaw': 250.3385944601556}"
"{'roll': 246.02733807490856, 'pitch': 304.8570004906573, 'yaw': 250.48896790492262}"
"{'roll': 246.04420864215848, 'pitch': 305.1297777555401, 'yaw': 250.45249469475476}"
"{'roll': 246.34805643757568, 'pitch': 305.6587076048659, 'yaw': 250.39231389797777}"
"{'roll': 246.12789211986947, 'pitch': 305.43188385271895, 'yaw': 250.48594213112028}"
"{'roll': 245.99967580877, 'pitch': 305.53690825649164, 'yaw': 251.41629585834607}"
"{'roll': 246.72441352122172, 'pitch': 305.7626460085606, 'yaw': 251.21909463662948}"
"{'roll': 247.67725906138435, 'pitch': 305.473244063238, 'yaw': 250.7385430171949}"
"{'roll': 247.18594989400697, 'pitch': 305.52338106684044, 'yaw': 251.14021961209417}"
"{'roll': 246.29564839607417, 'pitch': 305.70393028736055, 'yaw': 252.93979004328492}"
"{'roll': 245.90322670750027, 'pitch': 305.81792614460807, 'yaw': 253.13616481211199}"
"{'roll': 245.96696603283482, 'pitch': 305.914102038311, 'yaw': 252.44897947971697}"
"{'roll': 244.58355902777294, 'pitch': 306.15466130087884, 'yaw': 253.4170017002154}"
"{'roll': 243.1576750762627, 'pitch': 306.5130208360619, 'yaw': 254.48145936160518}"
"{'roll': 241.51923563778172, 'pitch': 306.7764441568764, 'yaw': 256.2656208860284}"
"{'roll': 240.31152158874005, 'pitch': 306.48557030578763, 'yaw': 257.18805842400616}"
"{'roll': 240.7509213184253, 'pitch': 306.58896912453787, 'yaw': 257.15918038419534}"
"{'roll': 241.94131400773182, 'pitch': 306.81251780097784, 'yaw': 256.3545567792112}"
"{'roll': 242.8747413200841, 'pitch': 306.19119598274926, 'yaw': 256.04941124785165}"
"{'roll': 243.65435277232768, 'pitch': 306.055456218279, 'yaw': 255.77827322836967}"
"{'roll': 244.57309517796446, 'pitch': 306.44080183087283, 'yaw': 256.5827670597596}"
"{'roll': 244.7977810809012, 'pitch': 306.4996336652887, 'yaw': 257.0290926012633}"
"{'roll': 244.66602673181166, 'pitch': 306.57541461413, 'yaw': 257.47809557692153}"
"{'roll': 244.43035788468953, 'pitch': 305.9137229628121, 'yaw': 257.99345384036656}"
"{'roll': 244.90382659795483, 'pitch': 305.86872226146545, 'yaw': 258.18317600494197}"
"{'roll': 246.07017702138288, 'pitch': 305.63589477303805, 'yaw': 257.8751822846986}"
"{'roll': 245.4655345251075, 'pitch': 306.084481107157, 'yaw': 259.216829513175}"
"{'roll': 246.41374919701286, 'pitch': 305.5106325187546, 'yaw': 259.6403763737967}"
"{'roll': 246.46016716261227, 'pitch': 305.46736327036257, 'yaw': 260.0054909660689}"
"{'roll': 246.48495391911024, 'pitch': 305.44301364597146, 'yaw': 260.31451604487694}"
"{'roll': 246.87516945658223, 'pitch': 305.1007631119459, 'yaw': 260.4554774889677}"
"{'roll': 246.74954861736734, 'pitch': 304.50058072919853, 'yaw': 260.63261161490277}"
"{'roll': 245.38601063260103, 'pitch': 304.4193151384537, 'yaw': 261.71144682449545}"
"{'roll': 246.21260695614515, 'pitch': 304.89193007807273, 'yaw': 261.39682782075715}"
"{'roll': 246.46087067209677, 'pitch': 305.5537275973228, 'yaw': 261.24838731952525}"
"{'roll': 246.53980033814543, 'pitch': 305.5261916896839, 'yaw': 261.71723199472245}"
"{'roll': 247.95821889289283, 'pitch': 305.53760835088156, 'yaw': 260.8115147598329}"
"{'roll': 247.44345485590563, 'pitch': 305.61834801706027, 'yaw': 261.7441975815657}"
"{'roll': 247.31360612959452, 'pitch': 305.17885266472666, 'yaw': 261.9873386556398}"
"{'roll': 247.80396590067724, 'pitch': 305.0738214307648, 'yaw': 261.8483511362192}"
"{'roll': 247.67072940053782, 'pitch': 304.81060643072, 'yaw': 262.1608527813148}"
"{'roll': 247.92247651296614, 'pitch': 304.78943967448214, 'yaw': 262.4220118944194}"
"{'roll': 247.2814017876579, 'pitch': 304.68099676102986, 'yaw': 264.00393151751854}"
"{'roll': 246.80926496128077, 'pitch': 304.6845040631687, 'yaw': 264.16355303842175}"
"{'roll': 247.15828079767925, 'pitch': 305.0549359577097, 'yaw': 264.6789591131909}"
"{'roll': 246.84638020923063, 'pitch': 304.82316031841447, 'yaw': 265.7939191933038}"
"{'roll': 246.53499188496974, 'pitch': 304.4411102720952, 'yaw': 266.8056887754361}"
"{'roll': 245.58002898616442, 'pitch': 304.4005287031416, 'yaw': 267.34422187073494}"
"{'roll': 247.59263984775706, 'pitch': 304.80846858150977, 'yaw': 265.27944202426175}"
"{'roll': 248.18732392822255, 'pitch': 304.89069381383297, 'yaw': 265.000278532505}"
"{'roll': 248.73722245830027, 'pitch': 304.6653658731143, 'yaw': 264.69875983159477}"
"{'roll': 248.17217456864347, 'pitch': 304.5368900148263, 'yaw': 265.9698170549991}"
"{'roll': 248.90952764049217, 'pitch': 304.70655191380945, 'yaw': 266.4414962587019}"
"{'roll': 249.44753481122493, 'pitch': 304.7193619335978, 'yaw': 266.9043645183753}"
"{'roll': 250.95850925941517, 'pitch': 304.4813708221579, 'yaw': 266.43523297523296}"
"{'roll': 250.76789234005844, 'pitch': 304.31742920660463, 'yaw': 266.49565965882005}"
"{'roll': 250.25374302009655, 'pitch': 304.17722932860636, 'yaw': 266.5419341904469}"
"{'roll': 250.27238260634152, 'pitch': 304.28617767605726, 'yaw': 266.9326961430525}"
"{'roll': 250.82926841994015, 'pitch': 304.0336006956448, 'yaw': 266.1087431027172}"
"{'roll': 249.34569669070004, 'pitch': 303.821909227604, 'yaw': 267.69222683913625}"
"{'roll': 250.06318757244236, 'pitch': 303.8266766996446, 'yaw': 267.48355089961404}"
"{'roll': 250.19955229922166, 'pitch': 303.92971693346345, 'yaw': 267.9755567462867}"
"{'roll': 250.60743070588734, 'pitch': 303.92694046156583, 'yaw': 268.73288812145773}"
"{'roll': 249.56520531024591, 'pitch': 304.9830618770737, 'yaw': 269.88346763809227}"
"{'roll': 249.2484416271082, 'pitch': 304.631044172535, 'yaw': 270.96781481034515}"
"{'roll': 248.32931673087796, 'pitch': 304.3519660581428, 'yaw': 271.7651915846199}"
"{'roll': 248.3284629572317, 'pitch': 304.7119136123079, 'yaw': 272.7497360327206}"
"{'roll': 249.88566412572456, 'pitch': 304.9584048941699, 'yaw': 271.51154567960236}"
"{'roll': 250.39921921922866, 'pitch': 304.872276208736, 'yaw': 270.4751259447554}"
"{'roll': 249.39859650582179, 'pitch': 304.7415088219816, 'yaw': 270.90667778708433}"
"{'roll': 250.6122664798197, 'pitch': 304.94333749686086, 'yaw': 270.2890852521426}"
"{'roll': 250.89595838699617, 'pitch': 305.44220085346024, 'yaw': 270.9511628091486}"
"{'roll': 251.41217725427657, 'pitch': 305.3292841661016, 'yaw': 270.5738016876946}"
"{'roll': 252.276831391876, 'pitch': 305.340991110339, 'yaw': 270.54201398729737}"
"{'roll': 251.67936742441827, 'pitch': 305.39736407665373, 'yaw': 271.6506219914821}"
"{'roll': 250.93785476736502, 'pitch': 305.44598819335505, 'yaw': 272.4240726130944}"
"{'roll': 252.13428534389783, 'pitch': 304.720775782756, 'yaw': 271.43293703244467}"
"{'roll': 252.3559113220864, 'pitch': 304.5073733523281, 'yaw': 271.6889120319692}"
"{'roll': 252.27043833481287, 'pitch': 304.4912131247519, 'yaw': 271.62178493280635}"
"{'roll': 251.8656540038412, 'pitch': 304.2625998630424, 'yaw': 273.5371953723205}"
"{'roll': 251.22813780709055, 'pitch': 303.9008969502606, 'yaw': 274.184307984855}"
"{'roll': 252.01656703355263, 'pitch': 303.81466922708375, 'yaw': 273.56146986463074}"
"{'roll': 251.33585672049082, 'pitch': 303.4013505747442, 'yaw': 273.42709272289994}"
"{'roll': 251.981910653704, 'pitch': 303.38943189464254, 'yaw': 273.4049697401782}"
"{'roll': 251.82332049136548, 'pitch': 303.87956285438804, 'yaw': 273.83782614863867}"
"{'roll': 251.83273249204177, 'pitch': 303.84386828578556, 'yaw': 274.1699919083547}"
"{'roll': 250.61656266880763, 'pitch': 304.077139736509, 'yaw': 275.73309436029047}"
"{'roll': 250.7636644529622, 'pitch': 303.8173261706709, 'yaw': 275.0500891036675}"
"{'roll': 250.62552387699867, 'pitch': 303.76684082742076, 'yaw': 275.60194789803705}"
"{'roll': 251.45777559717556, 'pitch': 303.76424194044154, 'yaw': 275.22188885186085}"
"{'roll': 251.15637300948123, 'pitch': 304.2213181996988, 'yaw': 275.4613894351073}"
"{'roll': 251.29023788702432, 'pitch': 303.95982782241947, 'yaw': 275.94528101704606}"
"{'roll': 253.40291101995763, 'pitch': 303.670111688395, 'yaw': 274.85226633473644}"
"{'roll': 253.30708346590237, 'pitch': 303.1201551017094, 'yaw': 275.2391419097043}"
"{'roll': 252.7531141430793, 'pitch': 303.3882468568215, 'yaw': 275.70103345232644}"
"{'roll': 252.38776732437532, 'pitch': 303.00397016883284, 'yaw': 276.35133576320334}"
"{'roll': 252.9370647978061, 'pitch': 302.5720358359104, 'yaw': 275.61584050280885}"
"{'roll': 251.56487296336138, 'pitch': 302.5903134221294, 'yaw': 276.9829301859436}"
"{'roll': 250.38238963311375, 'pitch': 302.9256039933907, 'yaw': 278.1280387210529}"
"{'roll': 250.80368253130928, 'pitch': 303.2266753169103, 'yaw': 277.9633628601639}"
"{'roll': 250.88745480147952, 'pitch': 303.5940233810411, 'yaw': 277.80178790515805}"
"{'roll': 251.1572677642625, 'pitch': 303.5318789048777, 'yaw': 277.8588814564302}"
"{'roll': 249.46820296365337, 'pitch': 303.6702346318001, 'yaw': 279.4038360957412}"
"{'roll': 248.33895412779685, 'pitch': 303.5258136968948, 'yaw': 280.922385223721}"
"{'roll': 248.81785967164143, 'pitch': 303.8030681507785, 'yaw': 280.77671777929214}"
"{'roll': 247.6216203404054, 'pitch': 303.41729906645617, 'yaw': 280.2961388391009}"
"{'roll': 249.12064878773728, 'pitch': 302.97886580853844, 'yaw': 279.6912709465829}"
"{'roll': 248.49167715763832, 'pitch': 302.91304327550705, 'yaw': 280.15103147018397}"
"{'roll': 248.44748583370836, 'pitch': 302.46857896055224, 'yaw': 279.710197400773}"
"{'roll': 249.2364409847365, 'pitch': 302.70550797757625, 'yaw': 279.809952313601}"
"{'roll': 249.37641205139758, 'pitch': 302.7517551884464, 'yaw': 279.9824692316572}"
"{'roll': 247.7421117075536, 'pitch': 302.3940001250049, 'yaw': 281.1294560687883}"
"{'roll': 248.183765399665, 'pitch': 302.4601778278731, 'yaw': 281.4785538674568}"
"{'roll': 249.29887574393962, 'pitch': 302.29383540082665, 'yaw': 281.4009287675396}"
"{'roll': 249.50556409841334, 'pitch': 302.18768060074626, 'yaw': 281.73534165949263}"
"{'roll': 249.12653641080183, 'pitch': 302.80215173923733, 'yaw': 283.1227306648406}"
"{'roll': 249.85630797267186, 'pitch': 302.9469722402091, 'yaw': 283.11914481552634}"
"{'roll': 248.88765737476982, 'pitch': 302.6116645934748, 'yaw': 283.57594103702763}"
"{'roll': 248.51621802732618, 'pitch': 303.0120946788506, 'yaw': 284.08527507362464}"
"{'roll': 249.14776463874222, 'pitch': 302.9914777528409, 'yaw': 283.5956529629723}"
"{'roll': 247.66056607905284, 'pitch': 303.26057013066645, 'yaw': 285.1920252663552}"
"{'roll': 247.32671326261178, 'pitch': 303.0296243593554, 'yaw': 284.9604203817892}"
"{'roll': 247.78410371057083, 'pitch': 302.72054122393945, 'yaw': 284.93536041772444}"
"{'roll': 248.2430924227957, 'pitch': 302.30072023151, 'yaw': 284.7753905571736}"
"{'roll': 247.7365382731909, 'pitch': 302.5558141366316, 'yaw': 285.18367194500024}"
"{'roll': 248.9345602838003, 'pitch': 302.72686939420544, 'yaw': 284.34051924290804}"
"{'roll': 249.3911447694373, 'pitch': 302.3566116694882, 'yaw': 285.220821343896}"
"{'roll': 250.0540214585762, 'pitch': 302.8469338745305, 'yaw': 285.0128352534799}"
"{'roll': 251.5132094124794, 'pitch': 302.6177298014578, 'yaw': 284.18104798616656}"
"{'roll': 252.0115673350802, 'pitch': 302.43108805219805, 'yaw': 284.38720358588506}"
"{'roll': 250.82122928728705, 'pitch': 301.59820112442833, 'yaw': 285.81791648113847}"
"{'roll': 252.66891840118058, 'pitch': 301.9963943228509, 'yaw': 284.9228201904083}"
"{'roll': 251.645407723865, 'pitch': 302.21689331982645, 'yaw': 285.4422697371661}"
"{'roll': 252.27659916544422, 'pitch': 301.60287980400983, 'yaw': 284.71752519452525}"
"{'roll': 252.2886476191401, 'pitch': 301.98821175622527, 'yaw': 284.7121361752701}"
"{'roll': 251.85770366364733, 'pitch': 301.9859577937991, 'yaw': 285.29329648117897}"
"{'roll': 251.26777339484414, 'pitch': 302.44278816624626, 'yaw': 285.00631242282253}"
"{'roll': 251.14316342362645, 'pitch': 302.1917104123566, 'yaw': 285.2091827015503}"
"{'roll': 251.12884051693692, 'pitch': 302.67482335272996, 'yaw': 286.18620028118556}"
"{'roll': 251.27349709336863, 'pitch': 302.67017882409436, 'yaw': 286.3208847814291}"
"{'roll': 250.57401059027845, 'pitch': 302.5601103256196, 'yaw': 287.09723140324934}"
"{'roll': 250.94215095635298, 'pitch': 302.83476247742954, 'yaw': 286.980790338279}"
"{'roll': 252.2456515783149, 'pitch': 302.53468836152877, 'yaw': 285.597902427594}"
"{'roll': 251.86388498484618, 'pitch': 302.32647687487014, 'yaw': 285.84710870965114}"
"{'roll': 252.48241325570422, 'pitch': 302.7359637910853, 'yaw': 286.39147478650113}"
"{'roll': 253.06317741064123, 'pitch': 303.14525263181457, 'yaw': 286.4846249064018}"
"{'roll': 252.57433394155424, 'pitch': 303.3195044179199, 'yaw': 287.16043114363947}"
"{'roll': 252.78825546635903, 'pitch': 302.7770371336592, 'yaw': 287.24121179095323}"
"{'roll': 252.95440664810877, 'pitch': 303.1522228398626, 'yaw': 287.66404831190124}"
"{'roll': 251.85280641801242, 'pitch': 303.55353743473586, 'yaw': 288.8970818721961}"
"{'roll': 251.47785635333543, 'pitch': 302.9877040733245, 'yaw': 289.5608874670621}"
"{'roll': 251.68055587733386, 'pitch': 302.9985606590102, 'yaw': 289.2475320483203}"
"{'roll': 250.49731439608837, 'pitch': 302.6611356536332, 'yaw': 290.2469389880549}"
"{'roll': 249.90413978742944, 'pitch': 302.9150342756501, 'yaw': 291.1889450180047}"
"{'roll': 250.30556366532943, 'pitch': 303.61976977911746, 'yaw': 291.8478670276142}"
"{'roll': 250.00638088911535, 'pitch': 303.86178045688393, 'yaw': 292.08045545942065}"
"{'roll': 250.34309555481866, 'pitch': 303.9264077068106, 'yaw': 291.62751829480044}"
"{'roll': 250.47254813015792, 'pitch': 303.8472048331951, 'yaw': 292.2493523772167}"
"{'roll': 249.65931848681953, 'pitch': 303.452867276559, 'yaw': 293.04858013275657}"
"{'roll': 250.51387760482567, 'pitch': 303.1593228215048, 'yaw': 292.6251288947833}"
"{'roll': 249.1654889796384, 'pitch': 303.60166294762774, 'yaw': 294.01237446615875}"
"{'roll': 248.2238449497146, 'pitch': 303.71817231448983, 'yaw': 294.55870080730057}"
"{'roll': 247.90335881347926, 'pitch': 304.2384073330022, 'yaw': 295.2351012709961}"
"{'roll': 247.5178082952104, 'pitch': 303.9916599190463, 'yaw': 295.28361610467067}"
"{'roll': 247.1234263423447, 'pitch': 304.2518081641538, 'yaw': 296.152887450149}"
"{'roll': 247.5009035770146, 'pitch': 304.2900435631275, 'yaw': 296.134725977146}"
"{'roll': 247.5070575774568, 'pitch': 304.4788675578271, 'yaw': 296.4602254722321}"
"{'roll': 247.77729401196837, 'pitch': 304.7376258594384, 'yaw': 296.2908709317616}"
"{'roll': 248.55978097385253, 'pitch': 304.87179468039955, 'yaw': 295.877207354869}"
"{'roll': 249.80369502549524, 'pitch': 305.00396908612305, 'yaw': 294.88642011386696}"
"{'roll': 249.8452908775406, 'pitch': 304.74073701060536, 'yaw': 295.20429711783936}"
"{'roll': 249.40910816695444, 'pitch': 304.3067672813103, 'yaw': 295.6726431892271}"
"{'roll': 249.4318253761339, 'pitch': 304.3857686643452, 'yaw': 297.00763781345194}"
"{'roll': 249.07632086002388, 'pitch': 304.726338971835, 'yaw': 298.00501618700304}"
"{'roll': 250.3983927663391, 'pitch': 305.2099300254502, 'yaw': 296.9956235107019}"
"{'roll': 250.45696163847194, 'pitch': 305.2561943117933, 'yaw': 297.332290365081}"
"{'roll': 249.1994964915159, 'pitch': 306.1402325262572, 'yaw': 298.32305028532636}"
"{'roll': 248.66665977398486, 'pitch': 306.36150674970355, 'yaw': 298.843859039729}"
"{'roll': 248.00788802853714, 'pitch': 306.5662519153584, 'yaw': 299.679088722384}"
"{'roll': 247.4393362518361, 'pitch': 305.9839953640878, 'yaw': 300.33170646738955}"
"{'roll': 248.1010381484378, 'pitch': 305.8041086719171, 'yaw': 300.7341002321517}"
"{'roll': 247.7972313341556, 'pitch': 305.58678229781106, 'yaw': 302.25663819060674}"
"{'roll': 247.56061309073885, 'pitch': 305.3442730162352, 'yaw': 303.32184375771067}"
"{'roll': 246.8137660559438, 'pitch': 304.71299961238594, 'yaw': 303.36066655295303}"
"{'roll': 247.1776307235979, 'pitch': 304.58717386749595, 'yaw': 303.13895861249443}"
"{'roll': 245.42901350361544, 'pitch': 305.4785511202231, 'yaw': 303.9577036335876}"
"{'roll': 246.07015653081535, 'pitch': 305.51575174553756, 'yaw': 303.65442957406066}"
"{'roll': 245.22767318726181, 'pitch': 305.21204055390376, 'yaw': 302.7684345103996}"
"{'roll': 246.1042664955304, 'pitch': 304.7388621236782, 'yaw': 302.25185705818774}"
"{'roll': 245.87794817738202, 'pitch': 304.69128302591986, 'yaw': 302.49372088688705}"
"{'roll': 245.7617871501676, 'pitch': 304.4110984208822, 'yaw': 302.06159530866785}"
"{'roll': 245.81037711592307, 'pitch': 304.98297308461446, 'yaw': 301.9437267341609}"
"{'roll': 246.80656703655862, 'pitch': 305.60814712953487, 'yaw': 301.6739342619454}"
"{'roll': 246.00968886609326, 'pitch': 305.836664768596, 'yaw': 302.437795297963}"
"{'roll': 245.4812507903877, 'pitch': 305.7655761597145, 'yaw': 302.46312846959455}"
"{'roll': 246.621981174239, 'pitch': 305.44447530645385, 'yaw': 301.89256178708837}"
"{'roll': 246.91600032744057, 'pitch': 305.4888715360589, 'yaw': 302.45211137446336}"
"{'roll': 246.5428397723261, 'pitch': 304.76622727658787, 'yaw': 302.7842976247469}"
"{'roll': 246.12696321414234, 'pitch': 304.74292950132894, 'yaw': 302.52765326668367}"
"{'roll': 247.49242048206546, 'pitch': 304.6585561745118, 'yaw': 302.41151956022594}"
"{'roll': 247.2023491782042, 'pitch': 304.4024684768659, 'yaw': 302.6737715035978}"
"{'roll': 246.44121338766547, 'pitch': 304.4807321994705, 'yaw': 303.48272203342117}"
"{'roll': 245.9258551242205, 'pitch': 304.2728144109461, 'yaw': 303.74014161795515}"
"{'roll': 246.13140283710288, 'pitch': 303.9787679369879, 'yaw': 303.60721930651755}"
"{'roll': 246.30494428353455, 'pitch': 303.8473141162218, 'yaw': 303.95422706730005}"
"{'roll': 246.53865969655405, 'pitch': 303.7166457672103, 'yaw': 303.5639773788822}"
"{'roll': 246.31573598242318, 'pitch': 303.5473458682532, 'yaw': 304.33800173638474}"
"{'roll': 246.69333616049815, 'pitch': 303.39979329161343, 'yaw': 304.30750152664604}"
"{'roll': 246.11613053411872, 'pitch': 303.8097719814489, 'yaw': 304.9126733625821}"
"{'roll': 247.18926253575444, 'pitch': 303.31508528552695, 'yaw': 304.36232062492456}"
"{'roll': 247.42830549632654, 'pitch': 303.0396476619624, 'yaw': 304.2570195984905}"
"{'roll': 247.00008678631258, 'pitch': 302.6840782590553, 'yaw': 304.455924952405}"
"{'roll': 247.43891961029675, 'pitch': 302.5892820635647, 'yaw': 304.2990081864131}"
"{'roll': 247.00947829642138, 'pitch': 302.93723922064186, 'yaw': 304.03505894103256}"
"{'roll': 247.6397135115168, 'pitch': 302.9113767093496, 'yaw': 303.73606057992606}"
"{'roll': 248.107957130067, 'pitch': 302.7214359787207, 'yaw': 303.2750057354773}"
"{'roll': 247.9635054593104, 'pitch': 303.12464936618323, 'yaw': 304.1701703280992}"
"{'roll': 247.6824090240185, 'pitch': 302.7918996252931, 'yaw': 303.91418849838544}"
"{'roll': 247.87480179255945, 'pitch': 301.9160644680224, 'yaw': 304.1353875897509}"
"{'roll': 248.5063757247322, 'pitch': 301.7860518171712, 'yaw': 303.81164003818685}"
"{'roll': 248.7903818206105, 'pitch': 302.57180360947865, 'yaw': 304.2465796543441}"
"{'roll': 247.74167457544672, 'pitch': 302.4302547691193, 'yaw': 304.31894892369496}"
"{'roll': 247.84404545072687, 'pitch': 302.30651906211534, 'yaw': 304.44261291371265}"
"{'roll': 248.08821788336567, 'pitch': 302.0684186676487, 'yaw': 303.6365925350432}"
"{'roll': 247.9857104043021, 'pitch': 302.06811813932524, 'yaw': 303.77224009195965}"
"{'roll': 248.2985330682887, 'pitch': 302.21668158396216, 'yaw': 303.7573400342853}"
"{'roll': 246.89512726933702, 'pitch': 302.82166558969607, 'yaw': 304.7182622731414}"
"{'roll': 246.29198058448986, 'pitch': 302.6893648254729, 'yaw': 306.0418299908848}"
"{'roll': 245.16275906939, 'pitch': 302.69426890129694, 'yaw': 306.6830276595981}"
"{'roll': 245.4976910557199, 'pitch': 302.36218510385095, 'yaw': 306.6597332994338}"
"{'roll': 244.5513751764038, 'pitch': 302.61821474488886, 'yaw': 307.74385507544406}"
"{'roll': 245.54175260605567, 'pitch': 302.170031391931, 'yaw': 307.4206539390137}"
